gloss,closs,cfloss,crloss,cploss
85.38856633504231,-110.96123062769571,-25.541361947116258,-203.77257469474984,118.35270726680756
38.57008870442708,-265.48655497233074,-107.25527725219725,-371.22394816080725,212.99266966183978
372.82015347480774,-324.55028483072914,-244.77098197937013,-302.9827786763509,223.2034746805827
-865.4546763102214,-300.1332631429036,302.0429609457652,-816.8944173177083,214.71819889545438
939.9389241536458,-258.8060546875,-652.4469329833984,154.0182523091634,239.62263067563373
813.9166056315103,-285.8534240722656,-845.6566528320312,363.7137400309245,196.08948961893717
608.4261627197266,-222.85828653971356,-533.7516489664714,137.02969919840496,173.8636630773544
1088.4265950520833,-252.29850870768232,-1127.2578694661458,705.5187703450521,169.4405902226766
600.8720703125,-215.46420389811198,-872.391874186198,507.2131632486979,149.71450670560202
688.1510416666667,-202.61226908365884,-610.6497884114583,276.98302815755204,131.05449032783508
635.7004191080729,-184.28165588378906,-652.0097778320312,344.51959533691405,123.20852581659955
549.802978515625,-152.87304992675783,-659.9740539550781,400.5136678059896,106.58733705679575
1245.178955078125,-129.59145762125652,-1041.3266316731772,841.2881937662761,70.4469796816508
1120.0668131510417,-115.60865122477213,-1147.7945149739583,967.3654866536458,64.82037734985352
947.5904947916667,-94.01970062255859,-961.104764811198,815.63212890625,51.452935934066765
744.366923014323,-72.69788869222005,-765.8492838541666,657.3845458984375,35.766849994659424
681.0580647786459,-54.67992197672526,-639.8330200195312,560.6577331542969,24.495364427566525
358.30013020833337,-38.29222234090169,-410.89513041178384,355.4083791097005,17.194529275099438
476.7860310872395,-31.566853713989254,-461.5630533854167,419.4255493164063,10.570650815963745
303.505615234375,-27.07903111775716,-326.2024709065755,290.04364318847655,9.079796373844147
184.19562276204428,-25.12550277709961,-214.52444051106772,180.07739715576173,9.321540474891663
198.78245544433594,-26.626279576619464,-180.8622319539388,145.82429097493488,8.411661028862
174.77444458007812,-25.849003346761066,-162.98938852945963,128.61436614990234,8.526018917560577
189.6015853881836,-25.108972930908205,-207.53920694986977,173.86139068603518,8.568843434254328
215.28475443522132,-24.22278149922689,-210.97935587565104,178.94840291341143,7.80817121764024
207.50603230794272,-23.478697204589842,-197.48562723795573,166.32905069986978,7.677879571914673
209.44218444824222,-23.304288991292317,-220.459228515625,189.90609639485675,7.248843342065811
197.9479217529297,-21.72471364339193,-180.39502970377603,151.86585947672526,6.804456936816374
223.67709350585938,-20.954542541503905,-189.16597595214844,162.07110392252605,6.140329480171204
201.7704315185547,-20.427191034952802,-191.37596842447917,164.950461324056,5.998316218455633
169.05923461914062,-18.899446741739908,-168.44598388671875,143.96287638346357,5.583660870790482
207.53621419270831,-18.339797592163087,-188.47673187255862,164.69975331624352,5.437181184689204
181.4172617594401,-18.404343605041507,-163.0813405354818,139.48174896240232,5.195248007774353
117.20892079671223,-18.700962193806966,-132.59127909342448,108.52042795817059,5.369889140129089
124.77679443359375,-18.136506779988608,-130.91058909098308,107.62763290405275,5.146449238061905
131.80282338460285,-17.815016555786134,-125.42414143880208,102.44959411621093,5.15953062226375
125.20658365885417,-17.005056699117027,-116.15001322428385,93.80712509155273,5.337831407785416
250.9726104736328,-16.88506139119466,-203.40135091145834,182.06747309366864,4.448816468318304
156.5398915608724,-16.964317830403647,-159.24180908203124,137.66470082600912,4.612790522476038
86.99056243896484,-16.575649070739747,-91.44073232014973,70.2462043762207,4.618879020214081
84.78418477376303,-17.036601003011068,-85.70127283732097,63.613040924072266,5.0516307552655535
85.94833119710287,-16.622360928853354,-77.99752095540364,56.91519444783529,4.459965671102206
92.28389994303384,-16.646104494730633,-92.8312510172526,71.37445755004883,4.810688870648543
75.69273122151694,-17.51872355143229,-78.53675130208333,55.770287831624344,5.247739791870117
67.62257639567058,-17.950692685445148,-65.85419489542643,42.85332628885905,5.050175781051317
58.9598871866862,-17.995271746317545,-58.175844573974615,34.70724601745606,5.4733267327149715
91.52111434936523,-17.362311363220215,-79.5477503458659,56.98418566385905,5.2012530863285065
92.08296966552734,-17.117982864379883,-89.73467559814453,67.60673599243164,5.009956906239192
63.911992390950516,-17.586936187744143,-64.268212890625,41.6048900604248,5.07638647655646
71.48507690429688,-18.485536193847658,-60.26847941080729,36.12350006103515,5.659443100293477
88.4442621866862,-18.11193389892578,-92.46150156656901,68.93417180379231,5.415395890673001
70.19572321573894,-19.02254320780436,-75.91147384643556,51.067327626546216,5.821602960427602
54.848880767822266,-19.159951082865398,-61.025174458821624,35.748488108317055,6.116735289494196
71.31378173828125,-20.492203267415366,-73.37058537801107,46.233287938435865,6.645094215869904
71.61765797932942,-21.622320556640627,-75.97762832641602,47.28827056884766,7.067037125428518
63.59573618570964,-21.263651529947918,-69.09831975301107,40.784402465820314,7.050265808900196
78.06917063395183,-21.307199859619143,-64.98814264933269,36.765975570678705,6.914967169364294
59.22725550333659,-20.848429489135743,-62.45093332926433,34.68691482543945,6.915589014689129
66.505615234375,-22.070629247029622,-65.33441975911458,36.12756614685059,7.136224230130512
67.533509572347,-21.489189275105797,-62.49519577026368,33.88244158426921,7.1235648691654205
65.33484141031902,-22.320311609903975,-67.31692632039388,37.40531514485677,7.591299692789713
69.19791793823242,-22.441157786051434,-65.36599400838216,35.7510264078776,7.173809766769409
58.31835683186849,-22.50143038431803,-60.568492380778,30.577080790201826,7.489981035391489
77.21556854248047,-22.382084528605144,-61.593848673502606,32.08162434895833,7.130140006542206
65.58745447794597,-21.807624435424806,-72.72314605712891,43.72555656433106,7.189964930216471
60.531344095865876,-22.428746032714844,-55.37249196370442,25.83709971110026,7.106646080811819
55.03046544392904,-23.038785425821942,-60.63279266357422,29.63839060465495,7.9556165138880415
63.451760609944664,-22.49971313476562,-64.66080525716146,34.96288859049479,7.198203434546789
62.23476537068686,-22.56153653462728,-56.35385157267254,26.597806676228842,7.1945081651210785
80.75657145182292,-21.438483047485352,-78.4020762125651,49.96748199462891,6.996111482381821
65.09873708089194,-23.478710174560547,-68.05415395100911,37.0414005279541,7.5340429941813145
61.99700927734375,-22.588577779134113,-52.77530314127604,23.181494267781574,7.005230963230133
62.224178314208984,-23.041244506835938,-60.42222112019857,29.943674087524414,7.437302132447561
55.10947545369466,-23.013886642456054,-52.240074157714844,21.911020787556964,7.31516695022583
54.70571263631185,-22.898178227742516,-51.925933583577475,21.669207890828453,7.358547925949097
49.97019958496094,-23.012097930908205,-51.585720825195324,21.33488521575928,7.2387379209200535
62.123329162597656,-22.223418935139975,-57.78012313842774,28.507909329732257,7.048795014619827
57.464379628499344,-23.102271270751952,-53.684827423095705,23.43459841410319,7.1479577124118805
46.79365158081055,-22.662405014038086,-50.59140675862629,20.536863517761233,7.392138401667278
49.68677266438802,-22.62713254292806,-52.37096455891927,22.129044596354166,7.614787658055624
96.2111790974935,-21.080727895100914,-87.6834940592448,60.42036708196005,6.18239936977625
67.19383494059245,-23.234122212727865,-73.15040791829426,42.62959493001302,7.286690950393677
61.24672317504883,-22.14454752604167,-57.35550384521484,28.15687688191732,7.054079567392666
48.770898183186844,-23.03341267903646,-48.866049194335936,18.79349225362142,7.03914475440979
45.184730529785156,-22.821545664469397,-50.106414031982425,20.073742421468097,7.211126148700714
45.73120244344076,-22.608379364013672,-48.376801300048825,18.973431332906085,6.7949906190236415
56.36566925048828,-21.756780497233073,-52.22209955851237,23.80745334625244,6.657865842183432
65.74291356404623,-22.35878766377767,-68.18756306966145,38.893148295084636,6.935626924037933
50.395823160807296,-22.237806193033855,-52.459022521972656,23.37231063842773,6.848905503749847
49.23810450236003,-22.491138458251953,-48.13844706217448,18.697077624003093,6.950230817000071
57.33588790893555,-22.259897486368814,-53.273799641927084,24.207550621032713,6.806351482868195
54.9057133992513,-22.440182876586913,-51.336474100748696,22.222318903605142,6.6739724079767875
47.338181813557945,-21.169308344523113,-46.45169169108073,18.47292518615723,6.80945810675621
51.32399622599284,-22.460388946533204,-46.83882344563801,17.602894973754882,6.775539259115854
45.15545399983724,-21.261574935913085,-46.241458892822266,18.065514882405598,6.914368997017542
48.71272150675456,-22.008401997884114,-47.2036855061849,18.677586364746094,6.517697036266327
51.12394841512044,-21.8210319519043,-50.44103825887044,22.10370775858561,6.516298274199169
74.20384216308594,-21.699208068847657,-61.568111928304035,33.38336334228515,6.485540350278219
60.228538513183594,-21.538183720906574,-64.29796752929688,36.12305552164714,6.636728127797445
57.4952507019043,-21.430325953165692,-55.42400716145833,27.71968129475912,6.273999929428101
48.789738972981766,-20.627422205607097,-47.100761922200526,20.3524881362915,6.120851655801137
47.055426279703774,-20.794099299112958,-43.60491968790691,16.608874766031903,6.2019454439481105
46.32327397664388,-20.699757766723632,-44.60054931640625,17.8663023630778,6.034489115079245
47.71809641520183,-20.613607279459636,-44.46213862101238,17.786636861165363,6.061894516150156
55.31507873535156,-20.688977177937826,-47.06200332641602,20.323414230346682,6.049611687660217
49.56843821207682,-20.281964747111,-50.2604482014974,24.004281870524085,5.974201758702596
45.30900065104167,-19.892833073933918,-45.164823913574224,19.678895187377933,5.593095779418945
52.297340393066406,-18.856015396118163,-45.30548985799154,20.58303871154785,5.866435830791791
43.20124435424805,-19.88250986735026,-45.18831151326498,19.532250849405923,5.773550609747569
53.984258015950516,-19.130608622233076,-44.34566065470377,20.004457982381187,5.210594067970912
47.56907526652018,-19.335077031453448,-50.08747380574545,24.97190132141113,5.780495385328929
54.348052978515625,-19.080362447102864,-48.59342778523763,24.124053891499837,5.389011512200038
47.160972595214844,-19.137490336100257,-48.56726582845052,23.917485809326173,5.512289573748906
47.486167907714844,-18.89091911315918,-45.522552490234375,21.341165033976235,5.290468345085779
48.41668319702148,-19.048837661743164,-45.57623926798503,21.14407590230306,5.383325695991516
43.23731994628906,-18.83954620361328,-43.17521413167317,18.98989741007487,5.3457704087098445
38.263573964436844,-19.151231384277345,-42.13004099527995,17.569910685221352,5.408899029095967
44.33076858520508,-18.210650253295896,-41.875070699055996,18.662980715433758,5.001439770062764
44.19651921590169,-18.67071418762207,-43.41799189249675,19.506940778096517,5.240337024132411
42.98839569091797,-18.128061548868814,-44.7286496480306,21.6248784383138,4.975710093975067
45.150903065999344,-18.20087331136068,-41.10572077433268,17.85634733835856,5.04850031932195
44.08204778035482,-17.75788796742757,-40.330282084147136,17.633512496948242,4.93888133764267
41.71155675252279,-17.739638900756837,-39.732434082031254,17.204305521647132,4.788489739100139
42.19540150960287,-17.134053293863932,-40.70199152628581,18.733288319905597,4.834649900595347
41.387116750081375,-17.440936406453453,-40.10400594075521,18.02472012837728,4.63834947347641
42.58535385131836,-16.85180899302165,-39.23784281412761,17.90487569173177,4.481158162156741
40.74546432495117,-17.067977333068846,-39.45248947143555,17.948819732666017,4.43569258848826
45.60578409830729,-16.722506841023765,-42.95981318155925,21.67605546315511,4.5612509449323015
45.70881652832031,-16.523426946004232,-40.816201782226564,20.057456715901694,4.235318084557851
42.9620844523112,-16.191204643249513,-40.36633148193359,19.897135162353514,4.277991612752278
41.909514109293625,-16.445928382873536,-38.96688791910807,18.13650410970052,4.384455323219299
44.87437311808268,-15.872415161132814,-42.072853088378906,22.198026911417642,4.002411037683487
40.49740982055664,-15.651872189839679,-40.626521046956384,20.919651667277016,4.0549973249435425
47.021321614583336,-15.646807607014974,-43.471581522623694,23.729442469278972,4.095331261555353
40.39725748697917,-15.54759070078532,-38.84942855834961,19.228671900431316,4.073165848851204
40.65162531534831,-15.519997278849285,-38.611864217122395,19.187702941894532,3.9041640261809034
43.53465398152669,-15.13614323933919,-39.24409980773926,20.341852951049802,3.766103570659955
40.22871780395508,-15.049386151631674,-38.702569071451826,19.842921384175618,3.810261517763138
38.10187530517578,-14.724482027689614,-37.128211720784506,18.70090179443359,3.7028278907140093
42.89854431152344,-14.394161796569826,-38.759558232625324,20.68808371225993,3.67731274664402
38.413578033447266,-14.361396535237631,-38.636748504638675,20.826640256245934,3.4487118025620775
42.86435572306315,-14.56023686726888,-39.10597941080729,20.94580160776774,3.5999410649140673
43.51981989542643,-14.197401936848959,-39.95020141601563,22.219949150085448,3.5328502928217254
37.32759475708008,-14.030392456054688,-37.306575266520184,19.616566276550294,3.6596164852380753
37.69721603393555,-14.104101371765138,-36.328163146972656,18.90182456970215,3.3222373227278394
35.96469497680664,-13.718333435058593,-36.557515207926436,19.467121505737303,3.372060239315033
38.730448404947914,-14.02544485727946,-36.01836496988932,18.597948519388837,3.3949714849392576
38.429742177327476,-13.603983688354493,-35.15385258992513,18.283611043294272,3.266257802645365
39.92708460489909,-13.449203364054362,-36.74704208374023,20.032165209452312,3.2656736075878143
39.24582163492838,-13.497423744201662,-37.2345474243164,20.619474792480467,3.1176489492257433
39.86897532145182,-13.460595575968426,-38.200879923502605,21.444655100504555,3.295629173517227
38.99243927001953,-13.38503818511963,-36.1622060139974,19.593042373657223,3.184125502904256
42.03230285644531,-13.272031275431317,-38.55477472941081,22.10396041870117,3.1787829995155334
39.983280181884766,-13.217576789855958,-38.672726440429685,22.400220362345376,3.0549292365709944
36.519920349121094,-13.16409823099772,-36.77176475524902,20.496194140116376,3.111472417910894
41.46849822998047,-12.78136552174886,-39.598873901367185,23.620050875345868,3.197457606593768
39.250249226888016,-13.252905019124348,-39.476383717854816,23.20603001912435,3.017448534568151
36.27126439412435,-12.798784192403158,-37.125930786132805,21.282505416870116,3.0446410924196243
41.71603012084961,-12.783675130208334,-35.63023732503255,19.877029291788737,2.9695327182610827
39.3538932800293,-12.865012868245444,-35.71890830993652,19.922862497965493,2.9310330003499985
33.18950525919596,-12.673669052124023,-33.80478083292643,18.204759724934895,2.92635207871596
42.37302652994792,-12.416802406311037,-36.69539057413737,21.18026313781738,3.0983250364661217
34.45438194274902,-12.896433130900068,-35.91352971394857,19.930641810099285,3.0864546795686083
41.062005360921226,-12.638178316752118,-38.73828175862631,23.258005015055343,2.842098395029704
34.98000081380208,-12.733054478963215,-35.99339536031087,20.352793947855634,2.9075469772020974
38.173458099365234,-12.534195836385091,-36.864481608072914,21.395307922363283,2.934977879126867
41.38808949788411,-12.365339597066242,-36.85132420857747,21.61100908915202,2.874975437919299
39.161600748697914,-12.618549855550132,-38.69961980183919,23.101611455281578,2.979458451271057
37.342959086100265,-12.41311798095703,-35.00886789957683,19.75116539001465,2.844584514697393
36.65683364868164,-12.329922294616697,-35.537530517578126,20.346947161356606,2.860661029815674
34.58563995361328,-12.367442893981934,-34.822896067301436,19.579738108317056,2.875715066989263
41.55025100708008,-11.906965001424155,-36.25186932881673,21.670311864217123,2.6745923459529877
37.784278869628906,-12.363665072123208,-36.01641591389974,20.862568537394203,2.7901823570330935
38.08778254191081,-11.717218271891277,-37.45332565307618,23.0562686920166,2.679838704566161
36.14039611816406,-11.941099230448405,-34.968420664469406,20.366144625345868,2.6611767907937365
40.081715901692704,-12.156760915120444,-35.581559371948245,20.620473353068036,2.804325118660927
37.811195373535156,-11.985199801127116,-35.897747039794915,21.17563387552897,2.7369133830070496
38.28636805216472,-11.87784964243571,-36.17816848754883,21.622088623046874,2.6782302061716714
36.087294260660805,-11.819951820373534,-32.72343393961589,18.304971313476564,2.598510796825091
37.15419006347656,-11.785266240437826,-36.637787628173825,22.1519349416097,2.7005863984425864
40.422220865885414,-11.57620538075765,-38.33330434163411,24.226079050699873,2.531019856532415
34.76666259765625,-11.84671319325765,-35.02052803039551,20.51424249013265,2.6595723628997803
36.164146423339844,-11.721396446228027,-32.97277997334798,18.636381212870283,2.61500213543574
36.267409006754555,-11.40210787455241,-33.90465049743652,19.887089665730795,2.6154529750347137
35.46015294392904,-11.58966147104899,-34.918216705322266,20.752860705057778,2.5756945510705314
35.839528401692704,-11.343140284220379,-33.985604476928714,19.971408144632974,2.6710560023784637
33.339829762776695,-11.516039466857912,-34.22939109802246,20.06559664408366,2.6477550069491067
41.606501261393234,-11.115860684712729,-34.93875681559245,21.359225781758628,2.4636703903476396
37.451483408610024,-11.16158701578776,-35.44137725830078,21.8952273050944,2.3845631008346877
31.99367014567057,-10.90858523050944,-33.08644510904948,19.744400278727213,2.433459624648094
35.763909657796226,-11.465042559305827,-33.970259221394855,19.978185017903648,2.527031471331914
40.14969380696615,-11.129334322611491,-37.84983800252279,24.31159362792969,2.4089099019765854
35.56926091512044,-11.164058176676432,-35.33866500854492,21.71314353942871,2.461463302373886
41.42890294392904,-11.37591609954834,-38.618278884887694,24.73924407958984,2.5031186789274216
35.380592346191406,-11.112275123596191,-34.74329744974772,21.216482035319014,2.4145401616891227
34.705227533976235,-10.968091710408528,-35.04028294881185,21.625635655721027,2.4465556293725967
35.104674021403,-10.823023160298666,-35.3424919128418,22.127621587117517,2.3918470591306686
36.24995549519856,-10.946813329060872,-35.20077400207519,21.893698501586915,2.360262155532837
37.41570154825846,-10.713414827982584,-35.90408490498861,22.90036392211914,2.2903061906496682
36.577379862467446,-10.34502016703288,-33.36115315755209,20.747217686971027,2.268915380040805
37.407521565755204,-10.711525535583496,-33.65737851460775,20.677037684122723,2.268815254171689
35.8308162689209,-10.495096015930176,-32.79792086283366,19.874055290222167,2.4287696282068887
35.39861170450846,-10.675880813598633,-32.73020833333333,19.8068291982015,2.247498373190562
35.019405364990234,-10.865939776102701,-33.548288345336914,20.451827621459962,2.230520990987619
32.343695322672524,-10.66231002807617,-36.23077926635742,23.23245989481608,2.336009408036868
35.466837565104164,-10.625025049845378,-33.512912877400716,20.5536314646403,2.33425635099411
33.42097918192545,-10.414789899190268,-32.80714174906413,20.23664970397949,2.15570226808389
37.16449737548828,-10.634455362955729,-34.73302357991537,21.85675055185954,2.241817596058051
38.27580451965332,-10.585563151041667,-39.46259155273438,26.520859400431316,2.356169040004412
37.60588836669922,-11.035984865824382,-36.87915649414063,23.507492065429688,2.335679496328036
32.45370864868164,-10.114143689473469,-30.942968750000002,18.353627077738444,2.4751980900764465
36.74553998311361,-10.553969510396321,-37.198098754882814,24.46190554300944,2.182223657766978
34.97860908508301,-10.40992743174235,-34.44562606811523,21.873953882853186,2.161744763453801
35.55614725748698,-10.70660400390625,-33.73460032145182,20.773978233337402,2.254018048445384
36.47793324788412,-10.721445020039877,-34.20723686218262,21.15201708475749,2.333774800101916
34.51665496826172,-10.368903096516926,-33.544949658711744,20.656699562072752,2.519346947471301
35.43550618489583,-10.937717564900716,-35.95115712483724,22.627377700805663,2.386061777671178
36.34212748209635,-10.529901885986327,-32.86860605875651,20.143389193216958,2.1953150679667788
35.999306996663414,-10.824412536621095,-36.11501795450847,22.95101038614909,2.3395949651797614
32.88728586832682,-10.662917264302571,-32.294050216674805,19.41666405995687,2.214468901356061
31.03362019856771,-10.713821919759114,-32.424602890014654,19.3475824991862,2.3631984939177832
33.281089782714844,-10.882027053833008,-31.355228932698566,18.11862939198812,2.3545725593964257
33.67229016621907,-10.76225783030192,-32.037600199381515,19.025945281982423,2.249397004644076
34.51741409301758,-10.626569175720215,-31.13504015604655,18.213932355244957,2.2945386717716856
31.105865478515625,-10.74622917175293,-35.35193939208985,22.15789655049642,2.4478136946757636
39.973768870035805,-10.039524205525717,-31.687997817993164,19.630681451161706,2.017792146652937
39.628159840901695,-10.392822138468425,-38.74035415649414,26.214465713500978,2.133066341280937
33.68276596069336,-10.782855606079101,-34.59921468098959,21.55100262959798,2.2653564363718033
32.50876871744792,-10.577503458658855,-31.235844167073566,18.409847513834634,2.248493159810702
35.42930475870768,-10.777647082010905,-32.544365056355794,19.391821098327636,2.374896769722303
32.23308436075846,-11.090586407979329,-31.128491465250654,17.7285711924235,2.309333781401316
33.27593739827474,-10.584681383768718,-33.540536117553714,20.687779744466145,2.2680751383304596
31.059284845987953,-10.86981544494629,-27.94357706705729,14.790713119506837,2.2830484732985497
30.256120045979817,-10.930412228902181,-29.17305666605632,15.850195439656577,2.3924490213394165
41.02871449788412,-11.16859016418457,-36.64108403523763,23.181508509318036,2.290985407928626
32.73364003499349,-11.115721448262532,-31.89082908630371,18.35249900817871,2.4226085940996804
32.60818290710449,-11.056129455566406,-29.505996576944987,16.15085544586182,2.299011747042338
30.509193420410156,-10.943521499633789,-27.892675908406574,14.592675526936848,2.3564788848161697
28.31015650431315,-11.18273048400879,-27.17931760152181,13.553562100728353,2.4430249532063804
33.152591705322266,-11.411355908711752,-30.041653060913085,16.188776429494222,2.441520780324936
30.955931345621742,-11.55895856221517,-28.84911295572917,14.787394460042318,2.502759938438733
29.175972620646156,-11.20235544840495,-27.77996381123861,14.278948402404787,2.298659846186638
32.67725372314453,-11.508893203735353,-30.009153747558592,16.018809700012206,2.481450999776522
28.479605992635094,-11.145811080932619,-27.916256586710613,14.377752749125161,2.392692767083645
29.600509643554688,-11.293065071105957,-25.922784169514976,12.280799039204917,2.3489200423161187
25.198403676350907,-11.0192507425944,-25.19992968241374,11.841279315948485,2.339399686704079
24.079272588094074,-11.207369804382324,-25.009529495239256,11.33878599802653,2.4633737256129584
31.018169403076172,-11.44806791941325,-28.10921516418457,14.2580691019694,2.403078039487203
29.72751235961914,-11.097262001037597,-26.11926663716634,12.579509449005126,2.4424953112999597
27.421025594075516,-11.62587916056315,-25.515286382039385,11.372967751820884,2.516439452767372
28.344859441121415,-11.42480754852295,-26.96137097676595,13.103433163960776,2.433130159974098
26.847944259643555,-10.98633664449056,-28.3986390431722,14.630202420552571,2.782099923739831
28.83256403605143,-11.621212450663249,-26.21977055867513,12.237677383422852,2.360880732536316
24.901331583658855,-11.503920873006185,-27.385512288411455,13.280347696940101,2.6012436548868814
25.72435696919759,-11.596416028340657,-24.097526295979815,10.010427220662434,2.490683128436406
23.612798055013023,-11.43439172108968,-23.59711545308431,9.772979386647542,2.3897442494829497
28.24708366394043,-11.831875864664713,-24.829570134480797,10.38070789972941,2.6169865702589354
23.899072647094727,-11.712713114420573,-24.014026514689125,9.715829054514568,2.5854843159516654
26.431395212809242,-11.650239562988283,-24.475070317586265,10.311177094777426,2.513653705517451
26.323440551757812,-12.025704129536948,-24.70785204569499,10.08306916554769,2.599078690012296
27.329280853271484,-11.77953650156657,-27.130849329630536,12.64007110595703,2.7112417221069336
26.316815694173176,-11.833838844299317,-25.940202077229813,11.539519532521565,2.5668436537186303
26.386953989664715,-11.89839661916097,-24.663240559895833,10.130963595708211,2.633880297342936
29.20561981201172,-12.129212570190429,-26.458194096883133,11.662135887145995,2.6668457090854645
25.412895838419594,-12.227351506551106,-25.139394251505536,10.269730663299562,2.6423119604587555
28.18650563557943,-12.115944163004556,-27.662885665893555,12.89824364980062,2.648697793483734
28.56009737650553,-12.159407424926759,-26.14095141092936,11.270272064208983,2.7112718919912973
28.33109792073568,-12.242999203999837,-26.662198257446285,11.798294321695964,2.6209047536055246
29.657393773396812,-12.276648966471353,-27.27327575683594,12.38693879445394,2.6096880336602526
29.808172861735024,-11.920249112447102,-26.048506164550783,11.456039746602377,2.6722174137830734
25.729429880777996,-12.1332394917806,-26.09071426391602,11.308314800262451,2.6491598983605704
27.157938639322914,-11.826730473836262,-26.114965184529623,11.760192839304606,2.528041884303093
25.816697438557945,-12.055607032775878,-25.86510175069173,11.003804461161296,2.805690238873164
29.63634490966797,-12.2507448832194,-28.45169397989909,13.599862670898435,2.601086437702179
27.40918731689453,-12.081940460205077,-27.73478546142578,13.011462275187174,2.641382932662964
30.29739761352539,-12.167249615987142,-30.89737663269043,15.997808647155761,2.732318426171939
36.49045435587565,-12.338928985595704,-34.336223729451504,19.25322914123535,2.744065592686335
29.04742876688639,-12.132649167378744,-31.35859858194987,16.53523063659668,2.690718819697698
32.96861457824707,-11.597581799825033,-29.802706273396808,15.611375268300375,2.5937491953372955
30.946106592814125,-12.333522288004557,-30.332590993245446,15.356821187337239,2.6422474682331085
32.986531575520836,-12.419619051615399,-31.171720631917317,15.904238510131837,2.8478630234797797
31.353291829427086,-12.561894543965657,-30.456741460164388,15.141678428649904,2.7531685034434
29.99607149759929,-12.230114936828613,-28.45200309753418,13.395242341359456,2.8266457418600717
28.30442110697428,-12.211385345458982,-28.153262583414715,13.108744875590007,2.833132356405258
31.763980865478516,-12.749329376220704,-29.22706362406413,13.739683532714844,2.7380506296952567
27.482830047607425,-12.248023096720377,-29.65356076558431,14.368029594421385,3.0375082045793533
30.932774861653648,-12.763456853230796,-29.993482971191412,14.439652887980145,2.790373047192891
30.597754796346027,-12.259586588541667,-28.813088607788085,13.73808358510335,2.815418449540933
28.75346374511719,-12.14375540415446,-28.423629887898763,13.556719398498535,2.723154991865158
30.19043413798014,-12.321697807312013,-28.88881861368815,13.871021970113118,2.696098903814952
26.318023681640625,-12.04845994313558,-28.162450281778973,13.334863917032878,2.77912637591362
31.5218874613444,-12.059433619181316,-30.905716832478838,15.952047920227052,2.8942351043224335
28.588390350341793,-12.128531328837077,-28.56588808695475,13.715097363789877,2.722259432077408
28.810850779215496,-11.99742539723714,-27.654742431640628,12.926781590779623,2.730535288651784
30.99353917439779,-12.205992571512859,-27.51328392028809,12.687165578206379,2.6201258848110833
28.468252182006836,-12.557779375712077,-27.674058787027995,12.254342397054035,2.8619370510180793
28.20244344075521,-12.057574399312339,-28.529697291056316,13.751936690012613,2.720186317960421
27.936098098754883,-11.853132311503092,-27.881844584147135,13.33137133916219,2.6973408112923307
30.89690526326497,-11.858018112182616,-28.358206558227536,13.882288805643718,2.617899564405282
30.89824104309082,-11.542015329996746,-29.314419809977217,15.311275736490888,2.4611287017663317
29.62574513753255,-11.906150245666504,-27.907078425089516,13.318818664550783,2.682109509905179
30.117965062459305,-12.163111050923666,-28.58101552327474,13.644966888427735,2.7729375114043555
30.706436793009438,-11.798831113179524,-29.881767145792644,15.397607676188152,2.685328426460425
27.501310984293617,-11.723799769083659,-28.131710815429688,13.84656670888265,2.5613444050153094
28.297795613606773,-11.947787602742514,-26.912099838256836,12.353672981262207,2.6106392343839007
25.712542851765946,-11.225161043802897,-26.371274820963542,12.614520009358722,2.5315936505794525
29.20970789591471,-11.725930658976237,-28.758281326293947,14.556098365783694,2.4762522677580514
28.230484008789062,-11.603277397155763,-27.300960795084634,13.213407929738363,2.4842755546172457
31.918588638305664,-11.345241101582845,-27.817730204264322,14.003439013163248,2.4690500522653265
28.309756596883133,-11.582429631551108,-27.954264450073246,13.776197052001955,2.595637748638789
28.549715042114258,-11.34330062866211,-27.564425532023108,13.750104522705078,2.4710203458865485
27.14565340677897,-10.898103014628093,-26.3794558207194,13.11397040685018,2.3673824208478136
29.494693756103516,-11.608896509806316,-27.674702580769857,13.540966542561849,2.524839629729589
29.27381451924642,-10.84388828277588,-25.879726537068684,12.596697934468587,2.4391402800877886
31.36374282836914,-11.468284289042156,-29.007683436075844,15.129239590962726,2.410159508387248
30.647200902303062,-11.288948822021485,-27.38372230529785,13.688054275512698,2.406719242533048
30.426863988240555,-11.386085637410483,-27.13202667236328,13.269489638010661,2.4764513870080314
25.286261876424152,-11.138237317403158,-27.648741149902342,14.05759792327881,2.452905928095182
30.217245737711586,-11.563531239827473,-26.43848152160644,12.48139607111613,2.393554389476776
28.765721638997398,-10.966671625773111,-27.199079004923504,13.934679730733233,2.297727584838867
28.460913340250656,-11.298203150431315,-27.04700253804525,13.260695107777913,2.488104318579038
28.791971842447914,-11.263907432556152,-26.828336334228517,13.148643175760904,2.41578575472037
25.424484252929688,-11.3717072168986,-27.66193669637044,13.76987937291463,2.5203501333793006
30.323043187459312,-11.008601379394532,-26.908489354451497,13.561474831899009,2.3384132186571756
29.177609125773117,-11.345526504516602,-27.2107759475708,13.438664468129476,2.426584934194883
27.95305951436361,-11.332999928792319,-28.052212905883792,14.286666170756021,2.432546804348628
30.68217213948568,-11.64218120574951,-28.69567476908366,14.519072024027508,2.5344214886426926
30.66485595703125,-11.4279115041097,-28.599467213948564,14.658176358540853,2.513379245996475
28.921774546305336,-10.983263429005941,-27.282326889038085,13.904927730560303,2.3941357855995498
25.904912312825523,-11.246409225463868,-27.67469228108724,14.008825492858886,2.4194576342900596
31.463455835978188,-11.37092965443929,-27.69112180074056,13.917329597473145,2.402862628300985
25.388301213582356,-11.136171913146974,-27.037125269571938,13.427481746673584,2.473471467693647
30.977053960164383,-11.153781318664551,-25.790954208374025,12.269311253229777,2.36786158879598
27.809785842895508,-11.1481627146403,-27.438208770751956,13.725068028767904,2.564978112777074
25.86629740397136,-11.211934471130371,-26.53472061157227,13.03241049448649,2.290375659863154
28.16827392578125,-11.337653223673504,-27.143248240152992,13.404558753967287,2.4010362029075623
25.64178021748861,-11.21516024271647,-27.31324920654297,13.68427365620931,2.413815160592397
27.502473831176758,-11.618503761291505,-26.420872116088866,12.374639956156415,2.427728335062663
25.951824188232422,-11.113181368509927,-26.47851893107096,12.856580384572347,2.508757323026657
29.006192525227867,-11.503698221842448,-26.66458485921224,12.77698891957601,2.383897659679254
28.236255009969078,-11.639372825622559,-26.242706807454425,12.09553492863973,2.507799098889033
25.25690269470215,-11.222053209940592,-26.897467803955074,13.075608603159587,2.5998060603936515
23.937937418619793,-11.47583719889323,-28.411235555013022,14.424118105570475,2.5112802584966025
27.44883918762207,-11.260125605265298,-26.845622380574543,13.213230800628661,2.3722659150759378
29.83869171142578,-11.54861634572347,-26.47732760111491,12.49630438486735,2.432406927148501
27.62712160746257,-11.452594121297201,-27.357685343424478,13.44129606882731,2.4637951652208963
28.796019236246746,-11.661224810282388,-26.089635213216148,11.91939582824707,2.509014730652173
27.04296875,-11.113199551900227,-25.449800109863283,11.951792653401691,2.3848078151543937
28.928589502970375,-11.404483286539714,-25.91997617085775,12.134926350911458,2.3805663188298545
25.77164077758789,-11.445362536112468,-27.432270177205403,13.482830715179444,2.504076893130938
30.005853017171226,-11.529933802286784,-25.560450490315755,11.585481135050458,2.445035606622696
22.716089248657227,-11.287008730570475,-24.788859939575197,11.02329003016154,2.4785612523555756
25.114142100016274,-11.437773005167644,-26.614662170410156,12.786168734232584,2.390720412135124
27.189608256022133,-11.608330726623535,-26.46460622151693,12.350045267740885,2.506230155626933
25.025616963704422,-11.128080876668294,-25.09332338968913,11.581359291076659,2.383883183201154
26.96461995442708,-11.528943634033203,-25.89008598327637,11.937730725606283,2.4234117418527603
26.56544367472331,-10.8712095896403,-25.79702695210775,12.330030632019042,2.5957867354154587
28.07697550455729,-11.050040117899577,-24.12720324198405,10.765784994761148,2.3113781412442522
25.356461207071938,-11.304782231648764,-25.457235717773436,11.740043703715006,2.4124097675085068
29.431441624959312,-11.450599670410154,-27.74924608866374,13.92800235748291,2.370644122362137
30.935123443603516,-11.291678651173909,-27.98026580810547,14.127493476867677,2.5610935017466545
26.39282989501953,-11.293310228983561,-26.618114471435547,12.798367659250896,2.5264366269111633
30.120882670084633,-11.220620282491048,-27.54866231282552,14.001088269551595,2.326953778664271
29.565916061401367,-11.409482447306317,-27.11280530293783,13.295918782552082,2.4074041495720544
29.079528172810875,-11.34645659128825,-26.713792419433595,12.921225643157959,2.44611016412576
30.131178538004555,-11.113878186543783,-27.079051971435547,13.518675549825032,2.446498431265354
28.547398885091148,-11.524042129516602,-27.363859685262042,13.285174814860026,2.5546426276365914
25.645222981770836,-11.144677480061848,-25.307186762491863,11.79540615081787,2.367103298505147
24.947769165039066,-11.351543871561686,-27.630394744873044,13.756199645996094,2.522651265064875
29.845748901367188,-11.358617782592773,-25.94713414510091,12.240440622965494,2.3480756878852844
26.321640014648434,-11.241398747762046,-27.27720209757487,13.381355953216554,2.654447401563327
30.466079076131187,-11.370961125691732,-27.230510584513347,13.46919101079305,2.3903583586215973
27.574042002360024,-11.549609629313153,-25.94944534301758,11.925097624460856,2.4747381508350372
26.249216079711914,-11.245048332214356,-25.925318018595377,12.34025017420451,2.3400195837020874
27.175005594889328,-11.332392501831054,-25.783066177368163,12.06108989715576,2.389583657185237
27.388138453165688,-11.372036997477213,-26.12647565205892,12.236957613627116,2.5174811283747354
28.66897201538086,-11.191792551676432,-25.904055404663083,12.147067705790203,2.5651950364311533
29.766361236572266,-11.443556849161784,-26.196809387207033,12.355148728688558,2.3981037338574724
32.5942980448405,-11.446364466349284,-25.84485206604004,11.95944979985555,2.439037725329399
27.371614456176758,-11.361140314737955,-26.351361083984372,12.567542203267415,2.4226785749197006
27.853225072224937,-11.190699195861816,-25.379593658447266,11.754090881347656,2.4348033666610718
28.135990142822266,-11.395238558451334,-25.46638069152832,11.670161501566568,2.4009807805220285
25.01209704081218,-11.312675094604494,-25.113387552897137,11.321459770202635,2.479252835114797
26.562888463338215,-11.531809107462564,-26.340256373087563,12.39249947865804,2.415947804848353
28.414061228434242,-11.29221528371175,-27.262096913655597,13.432770951588948,2.537110634148121
26.362272262573242,-11.349150721232096,-25.48002891540527,11.815167776743571,2.3157105147838593
31.82550048828125,-11.62792116800944,-26.329561360677083,12.241621112823488,2.460019032160441
27.001223246256508,-11.292090288798015,-24.630143864949545,10.839108308156334,2.4989451617002487
27.232128779093426,-11.489739418029785,-26.171422195434573,12.111303075154622,2.570379743973414
26.370506922403976,-11.474056688944499,-26.501099777221683,12.603650029500326,2.4233930706977844
26.45951588948568,-11.233793004353842,-26.088373947143555,12.442737325032553,2.411843627691269
25.713695526123047,-11.50830815633138,-25.38158353169759,11.41747096379598,2.4558045814434686
26.147846221923828,-10.846636454264322,-23.88498840332031,10.711107762654622,2.3272441650430364
26.07473055521647,-11.288712565104166,-25.803741327921543,12.100872484842936,2.4141563177108765
28.956859588623047,-11.42714188893636,-25.0402702331543,11.204044850667318,2.4090834806362786
26.648984909057617,-11.115825525919597,-24.875662358601886,11.414407444000245,2.345429321130117
25.781094233194988,-11.337112299601237,-26.132762527465818,12.277997144063313,2.517653040587902
28.628227869669594,-11.41930020650228,-24.230372873942056,10.513754304250082,2.297318249940872
24.763783137003582,-11.284986305236817,-24.21985651652018,10.407346773147584,2.5275235523780184
26.146465301513672,-11.336163012186688,-24.590438206990562,10.793816343943279,2.460458884636561
27.367099126180015,-11.459292348225912,-26.32871437072754,12.324456469217937,2.544965748985608
26.526185353597008,-11.583751678466797,-25.20341237386068,11.137260818481446,2.482399900754293
28.88167508443197,-11.615385309855142,-26.676085535685218,12.440043703715006,2.620656669139862
25.440163294474285,-11.455965423583985,-24.980980300903322,11.150724665323894,2.374290019273758
28.009142557779946,-11.857089551289874,-25.541133371988934,11.081525866190592,2.602517823378245
26.12742805480957,-11.207455571492513,-25.029058074951173,11.382609049479166,2.438993364572525
27.919904708862305,-11.758661270141602,-25.55359954833984,11.278756395975748,2.516181906064351
23.6522528330485,-11.65445613861084,-24.17810910542806,9.931782754262288,2.5918703128894167
27.65646998087565,-11.735805829366049,-27.203498204549156,13.009484958648681,2.4582073390483856
28.18245188395182,-11.491465695699056,-25.035336558024092,11.016618792215983,2.5272520631551743
28.778670628865562,-11.67823174794515,-25.321333185831705,11.133447901407878,2.509653612971306
25.017300287882485,-11.362525240580242,-23.545200220743816,9.745905272165935,2.436769684155782
22.31650479634603,-11.259782155354817,-24.070092391967773,10.178839492797852,2.631470630566279
32.19169171651205,-11.705263010660808,-25.860695139567056,11.788347689310712,2.3670843839645386
27.72881062825521,-11.210374704996743,-23.299663162231447,9.535449473063151,2.5538388937711716
24.904800415039062,-11.919013214111327,-26.165630722045904,11.644505596160888,2.6021120150883994
26.281847635904946,-11.739547030131021,-25.649069595336915,11.410802110036213,2.4987203081448874
29.09399286905925,-11.73751417795817,-25.922211329142254,11.579061635335288,2.6056353747844696
26.09319750467936,-11.835360527038574,-25.867746607462564,11.451406606038411,2.5809796551863355
26.451851526896156,-11.310963884989421,-23.822251510620116,9.919703102111816,2.5915845533212023
27.523361841837563,-11.210338719685872,-23.104820887247723,9.537856896718344,2.356625179449717
26.759942372639976,-11.754040400187174,-24.401620356241864,10.15588134129842,2.491698448856672
25.30993334452311,-11.929897880554199,-24.666569137573237,10.02627191543579,2.7103994290033975
24.90207862854004,-11.851135889689129,-25.155228042602538,10.738954512278237,2.565137575070063
27.07348759969075,-11.689967600504557,-24.80754280090332,10.533354409535725,2.584220916032791
27.53519948323568,-11.626653925577799,-23.975360616048178,9.848144181569417,2.5005625585714975
27.461955388387047,-11.640740140279135,-24.83379987080892,10.522480392456053,2.670579219857852
25.796397527058918,-11.947739219665527,-24.970124053955075,10.481059296925864,2.541325663526853
23.114381154378258,-11.59255084991455,-24.57820192972819,10.385158507029216,2.6004926661650343
29.107185999552414,-11.954540316263834,-25.82223014831543,11.282912540435792,2.584777384996414
22.390476862589516,-11.69886391957601,-24.32284889221191,10.065646107991537,2.558338691790899
27.987347920735672,-11.566517639160157,-23.60512479146322,9.651454353332518,2.3871529400348663
28.51180330912272,-11.722078577677408,-23.704272842407228,9.455259895324707,2.5269344598054886
23.18077214558919,-11.91581344604492,-24.64303067525228,9.964222558339438,2.7629945675532026
29.952542622884117,-11.821570205688475,-24.445697911580403,10.138658674558004,2.485468864440918
26.33610280354818,-12.040869331359865,-26.05132026672363,11.363481044769287,2.64696987469991
23.527631759643555,-11.907666142781574,-23.321957015991213,8.74987940788269,2.6644113808870316
24.360570907592773,-11.810057830810546,-23.903231048583983,9.601381905873616,2.4917911837498345
26.730095545450844,-12.0688689549764,-25.286067454020184,10.50345261891683,2.7137459019819894
25.952546437581375,-11.45886427561442,-22.89208393096924,8.849993729591368,2.58322615424792
25.4108517964681,-11.975390370686847,-24.501398849487305,9.936677773793539,2.5893307824929557
24.615788141886394,-12.156351788838705,-23.90225194295247,9.035531425476075,2.7103688220183053
23.59774398803711,-11.646680641174317,-24.66080067952474,10.226721604665121,2.7873984823624296
27.243044535319008,-12.206750488281251,-26.133546956380204,11.270045630137126,2.6567507088184357
24.549514770507812,-11.828504371643067,-22.11869602203369,7.632426309585572,2.6577654977639513
20.794179916381836,-11.93490842183431,-23.754671605428058,9.20751231511434,2.6122508148352304
25.942933400472008,-12.218627039591471,-23.031619262695312,8.266225624084472,2.546766608953476
25.63057072957357,-12.025297164916992,-23.318962224324544,8.602322371800742,2.6913426319758096
24.81421661376953,-12.218987464904785,-22.160332934061685,7.277903151512146,2.663442313671112
22.87009302775065,-11.71053212483724,-22.40616264343262,8.0500386317571,2.6455918500820794
22.814773559570312,-11.791689745585124,-22.35207773844401,8.051694679260255,2.508693357308706
25.48695437113444,-12.101707013448078,-21.936147499084473,7.112624418735505,2.721815973520279
23.089825948079426,-12.112551816304522,-21.54630368550618,6.8236678600311285,2.6100840667883554
24.01314481099447,-12.09830093383789,-22.214866383870444,7.530101084709168,2.5864644646644592
22.508280436197918,-12.294603157043456,-23.757571029663087,8.61371161142985,2.8492563565572104
24.6698424021403,-12.213226381937664,-23.60909678141276,8.681440130869548,2.7144302874803543
25.775999069213867,-11.995144462585449,-22.250466028849285,7.536943280696869,2.718378335237503
21.606422424316406,-11.75234139760335,-21.26479212443034,7.010613377888997,2.5018372734387717
23.68911616007487,-11.773963419596354,-21.819979476928708,7.46362578868866,2.582390159368515
21.837303797403973,-12.16634070078532,-20.159581502278645,5.225539914766948,2.7677007615566254
24.558221181233726,-12.044181251525881,-21.40077845255534,6.75985296567281,2.596744110186895
21.014045079549156,-12.03190860748291,-19.479078165690105,4.7914554913838705,2.6557139257589975
23.750016530354817,-12.375734583536785,-21.73774541219076,6.559008582433064,2.8030021985371905
22.665613174438477,-12.139664522806802,-21.01712913513183,6.186589948336284,2.6908745765686035
21.999392827351887,-11.844242477416994,-20.378539403279625,5.882563742001851,2.6517331550518675
21.84281857808431,-12.30431334177653,-21.2161319732666,6.100915368398031,2.8109033058087034
25.127393086751304,-12.296580696105956,-21.019325256347656,6.001503992080688,2.72124046087265
22.99352200826009,-12.00314540863037,-19.60273717244466,5.032206219434738,2.567385673522949
21.328840891520183,-12.270955721537272,-20.7981803894043,5.763686521848043,2.763538142045339
26.8238156636556,-12.150319608052571,-20.73268051147461,5.924016873041788,2.658343940973282
22.625947316487633,-12.17792510986328,-19.8968324025472,5.068377697467803,2.650529702504476
23.547623952229817,-12.169920412699383,-20.236132367451983,5.424091587464014,2.6421206295490265
20.41451136271159,-12.054655075073242,-19.582187207539878,4.818396774927775,2.7091351747512817
22.995096842447918,-12.301135063171387,-20.869285964965822,5.779864978790283,2.7882858713467917
19.403654098510742,-12.041089312235515,-19.17837200164795,4.454183954000473,2.6830989122390747
22.90780194600423,-12.162369028727213,-19.8537696202596,5.087441003322602,2.603959644834201
20.470582326253254,-11.722368367513022,-18.05489667256673,3.686833284298579,2.645695130030314
21.66615549723307,-11.850405629475912,-17.69602368672689,3.255695778131485,2.589922219514847
24.70835749308268,-11.994558461507161,-19.49266738891602,4.8791329813500255,2.61897603670756
19.53046417236328,-12.100277201334634,-18.52949390411377,3.7435077369213103,2.6857090344031653
20.264202117919922,-12.456530570983888,-19.14944642384847,3.823115026950836,2.869801114002864
20.484182357788086,-12.165824127197265,-18.44578857421875,3.513535165786743,2.7664293746153517
18.439703623453777,-11.940859285990399,-17.69213047027588,3.1214709147810935,2.629800270001094
19.140870412190758,-12.112237675984701,-16.956558799743654,2.1783015449841816,2.666019529104233
16.922369639078777,-11.794448788960773,-18.564401372273764,4.064142910639445,2.705809459090233
21.784656524658203,-12.394876797993977,-18.110389518737794,2.972060751914978,2.7434519827365875
22.00466791788737,-12.249083582560221,-16.47673969268799,1.5962914506594341,2.6313646187384925
19.228798548380535,-12.474721844991047,-18.233897018432614,2.907323670387268,2.851851239800453
18.691027959187828,-12.082918103535969,-16.97961502075195,2.1624049743016562,2.7342918813228607
17.055285135904946,-12.136874834696453,-16.627326901753744,1.7889449656009675,2.701507131258647
15.872366587320963,-12.369269879659017,-17.76772950490316,2.4843786815802256,2.9140809377034502
20.48540210723877,-12.19283332824707,-17.369840558369955,2.5457666993141173,2.6312404821316404
20.387577056884766,-12.245668411254883,-17.94977175394694,3.0500489473342896,2.6540545026461286
19.578619639078777,-12.509736760457358,-17.173780886332196,1.8514606853326163,2.8125835210084915
19.76016362508138,-12.47669506072998,-17.501124064127605,2.183997297286987,2.840431754787763
20.11215591430664,-12.510719935099285,-17.990120124816894,2.6948211113611857,2.784579038619995
18.913447062174477,-12.465920448303223,-16.971574974060058,1.6982023020585375,2.8074522217114763
19.87436866760254,-12.273494974772136,-16.75998280843099,1.676668550570806,2.8098193903764086
20.526091893513996,-12.460077730814614,-16.915965843200684,1.7077817698319753,2.7481062908967337
19.02162233988444,-12.397322018941246,-16.23922875722249,0.981663112839063,2.8602435489495597
19.60610008239746,-12.668374379475912,-16.425190798441566,0.8549605290095011,2.901855935653051
18.47188663482666,-12.457208506266273,-15.965610440572101,0.6457083980242411,2.8626933693885803
20.27396583557129,-12.296074549357096,-15.79670867919922,0.7597538709640503,2.740880310535431
15.634657224019367,-12.549431864420573,-15.344542249043783,-0.03476294626792267,2.829873373111089
20.852133115132652,-12.385908699035644,-17.125246302286783,1.832406977812449,2.9069306453069053
19.895676294962563,-12.799622726440429,-16.325576337178546,0.6899957577387492,2.835957854986191
17.402352015177406,-12.438312403361003,-15.808607800801592,0.6077801456054055,2.7625153362751007
17.11425717671712,-12.570831362406413,-17.618626403808594,2.1706338663895925,2.877161279320717
19.20805994669596,-12.475949096679688,-16.558942222595213,1.2074252724647523,2.8755680123964944
20.96145502726237,-12.581407674153645,-16.194922002156574,0.768002229432265,2.8455120772123337
16.959091186523438,-12.779567654927572,-16.009351285298663,0.21664369453986493,3.0131398737430573
18.346644719441734,-12.885863176981609,-15.83587277730306,0.05463022391001387,2.8953795731067657
14.828771591186522,-12.62969722747803,-15.342050552368164,-0.2510630448659261,2.963416288296382
17.081120173136394,-12.705085500081381,-16.249490102132164,0.6532963573932649,2.8911082446575165
20.509002049763996,-12.971145184834798,-17.006100209554038,1.0999849985043209,2.9349700808525085
17.45077355702718,-12.928254191080729,-16.2339656829834,0.24829392631848657,3.0574174771706266
15.953218460083008,-12.349733161926268,-14.727098401387533,-0.4026740143696467,2.7800392558177314
15.976562182108562,-12.564786529541013,-16.5432679494222,1.056306686004003,2.9221746921539307
19.310518900553383,-12.94895757039388,-16.534765497843424,0.6144431908925374,2.9713649749755864
15.979715029398598,-12.5950200398763,-14.901249376932778,-0.6415179212888082,2.9477470119794207
16.421045303344727,-12.820680300394692,-16.826032320658364,1.1091536670923234,2.8961983025074005
17.479115168253582,-12.975699424743652,-15.651079241434733,-0.4697907090187071,3.1451705594857535
17.660737355550133,-12.876476605733236,-15.587585258483884,-0.19619443217913304,2.907303084929784
18.813086827596027,-12.87258555094401,-15.4858211517334,-0.29390623221794765,2.907141755024592
16.430681228637695,-12.544846598307293,-15.758215395609536,0.26967169642448435,2.9436972737312312
17.793350219726562,-12.847764078776041,-15.739284229278564,0.0034761309623720926,2.8880440990130105
14.283258438110352,-12.726029841105145,-15.832999420166015,0.17274962266286223,2.934219946463903
20.83205795288086,-12.87098242441813,-14.888046964009604,-0.9620015422503152,2.9790660589933395
14.78334585825602,-12.862551625569662,-14.368904240926106,-1.5044005781412124,3.0107528666655226
19.02251370747884,-13.195872815450034,-16.98858731587728,0.6962344348430634,3.0964802900950112
14.510261535644531,-12.559409014383952,-14.433812967936198,-0.9785319065054259,2.8529359499613447
17.4668394724528,-12.822316614786786,-16.330766105651854,0.574839570124944,2.9336099525292716
16.129041035970054,-13.147317632039387,-15.931317138671876,-0.27160835166772207,3.0556079745292664
18.632108052571613,-12.861150995890299,-14.347851117451988,-1.555172832806905,3.0418730974197388
15.466407140096031,-12.670113436381023,-15.026173973083495,-0.4330957586566608,2.789156248172124
15.294497807820639,-13.06733252207438,-15.42078094482422,-0.6403965632120768,2.9938449958960214
16.54009246826172,-13.128173383076987,-15.38781318664551,-0.8067330499490103,3.066372881333033
13.471307436625164,-12.772506205240884,-14.539523824055989,-1.1907317787408829,2.957749287287394
18.565718332926433,-13.357864316304525,-15.402617518107096,-1.172610334555308,3.2173632582028704
14.850891431172688,-13.214231554667155,-15.003118324279782,-1.247433106104533,3.0363201747337976
13.770312627156574,-13.12281115849813,-14.588205337524412,-1.7292571504910788,3.1946515838305154
13.681689898173016,-13.274070930480956,-16.09121437072754,-0.37645982603232064,3.1936032076676693
15.853758176167805,-12.908828163146971,-14.291193103790285,-1.5709800839424135,2.9533449908097587
15.112662951151531,-12.999856313069662,-14.827158737182618,-1.1794497569402058,3.0067520141601562
16.671367009480797,-13.353801727294922,-15.168242963155109,-1.3109846194585164,3.1254259248574576
15.626483599344887,-13.195365651448569,-15.019934145609536,-1.278711732228597,3.1032803555329638
16.931906382242836,-13.47128569285075,-15.013772137959798,-1.6200228830178578,3.162509361902873
17.67967987060547,-13.436420186360678,-14.770305506388347,-1.837398103872935,3.171283384164174
16.354780197143555,-13.430902481079102,-13.622984504699707,-3.009492228428523,3.2015744745731354
17.89184888203939,-13.202563412984212,-13.873012987772622,-2.3880977074305214,3.058547258377075
15.460381507873535,-13.1085506439209,-13.682450358072916,-2.4351660748322805,3.0090655485788984
17.070720354715984,-13.508089192708333,-14.833281898498536,-1.8972383628288905,3.222430894772211
15.302594184875488,-13.358267974853517,-13.456645647684732,-3.0537892818450927,3.1521668334801993
13.53644021352132,-13.200580851236978,-13.87659950256348,-2.499674074848493,3.175692717234294
18.82615566253662,-13.567039044698078,-14.230505116780598,-2.4369541704654694,3.100420117378235
16.567521731058758,-13.264411226908365,-12.928880182902017,-3.494625492890676,3.159094373385112
14.840377807617188,-13.857146263122559,-14.761894607543944,-2.3212896903355915,3.226038287083308
15.856955846150715,-13.190024375915527,-12.944498697916666,-3.3892366886138916,3.1437108616034193
14.00999101003011,-13.458030573527019,-13.069810422261556,-3.5925849388043085,3.204364776611328
12.377708594004313,-13.458399264017741,-14.043301645914713,-2.641319545110067,3.2262216806411743
16.97797393798828,-13.46408774058024,-14.999461873372397,-1.6351806511481601,3.170554767052333
13.826873143513998,-13.417267608642575,-13.424717076619464,-3.1960404872894284,3.2034900685151415
13.541783332824709,-13.543609301249187,-13.612755839029948,-3.250826120376587,3.319972674051921
14.130003611246742,-13.42437890370687,-11.786135800679524,-4.782006992896398,3.1437641878922777
15.29824701944987,-13.719467862447104,-11.605890119075774,-5.3026591817537945,3.189081728458405
12.81275463104248,-13.957825088500975,-12.744282722473145,-4.6978126207987465,3.4842702349026995
12.606749534606932,-13.653847630818685,-11.861968962351481,-4.9795285105705265,3.187649895747503
16.64090696970622,-13.813460350036621,-12.569977760314941,-4.5035039047400165,3.260021348794301
12.944838841756184,-13.608665974934894,-11.314204851786297,-5.566820553938547,3.2723595897356668
11.441815694173176,-13.49480660756429,-11.805411243438721,-4.971892642974853,3.282496988773346
16.33362134297689,-13.321500269571942,-12.166446495056153,-4.235407761732738,3.080354412396749
16.333648681640625,-13.702554893493655,-11.159945297241212,-5.8824043075243635,3.339794307947159
11.285002072652182,-13.84564863840739,-11.807766056060792,-5.2548989733060205,3.2170163790384927
15.707472483317055,-13.820483334859212,-13.114831542968748,-4.064544614156087,3.3588927686214447
11.642441749572754,-13.366388893127443,-11.532583872477213,-4.910041999816895,3.0762373010317483
14.117466290791828,-13.783231989542642,-12.630827395121257,-4.636395072937011,3.4839906096458435
13.261465072631836,-13.421956698099773,-11.569415251413982,-4.91071248849233,3.05817128221194
12.350436528523764,-13.489894739786783,-11.315640830993654,-5.4243702093760175,3.2501165866851807
13.459437529246012,-13.782385253906249,-12.095779005686442,-4.9656265775362645,3.279020359118779
11.638124465942383,-13.545710945129393,-11.664186509450277,-5.12337417602539,3.2418497502803807
13.974765141805014,-13.652287419637045,-10.824450143178304,-6.043262426058451,3.2154251337051396
16.094144821166992,-13.969513638814291,-12.051157665252685,-5.280902290344239,3.362546553214391
12.777859687805176,-13.674684143066408,-10.010860538482664,-6.999903702735901,3.3360800445079803
12.821360905965168,-13.83671054840088,-10.82123613357544,-6.479345998167991,3.463871419429779
12.626096725463865,-13.745483970642091,-10.630987771352132,-6.267057967185973,3.152561624844869
10.453473409016926,-13.88178393046061,-11.599886480967204,-5.5955605030059825,3.3136631846427917
12.298253695170086,-13.599916648864745,-11.804664262135823,-5.061920038859049,3.2666678229967747
12.36660130818685,-13.722887865702312,-10.168476486206055,-6.796889646848044,3.24247815211614
11.342259407043457,-13.536624908447266,-10.661092249552409,-6.058277285099029,3.1827447215716047
10.051911195119223,-13.40973161061605,-11.198612181345622,-5.481590716044108,3.2704711357752485
14.081448554992676,-13.854477882385254,-11.366614214579265,-5.748144300778707,3.2602807482083644
11.737457593282064,-13.653059768676759,-10.836235364278158,-6.050546423594157,3.233721862236659
9.605089823404947,-13.923022842407226,-11.437987009684246,-5.850473674138387,3.36543787519137
13.6715882619222,-13.549894269307455,-11.604601828257243,-5.160078485806783,3.214785734812419
10.746472040812176,-13.681134859720867,-11.035529454549154,-5.962846660614013,3.317241181929906
12.491284370422363,-13.684346135457357,-11.108213329315188,-5.89537844657898,3.3192458252112074
13.397300084431965,-13.911631711324056,-10.325700600941977,-7.071967899799347,3.486036906639735
9.627270698547363,-13.74317137400309,-10.056479676564534,-6.972303283214568,3.285611669222514
13.195188204447428,-13.600974210103354,-10.910421880086263,-5.956682713826497,3.26613042751948
12.364730199178059,-13.877821731567384,-10.715156269073487,-6.511209623018901,3.3485440015792847
10.256842295328775,-14.05357958475749,-10.21847775777181,-7.119113143285116,3.2840114931265516
11.516783078511555,-13.602892748514812,-10.083149115244547,-6.872953637441,3.353209972381592
14.23315715789795,-13.753382555643718,-10.162603569030763,-6.862543900807699,3.2717649439970655
8.58185370763143,-13.91463826497396,-8.548605966567994,-8.639259854952494,3.273227572441101
11.681711832682291,-14.030649185180664,-10.27772789001465,-7.2364010334014885,3.4834796984990435
14.091817855834961,-14.333871841430664,-9.655090395609538,-8.272106266021728,3.5933248599370318
9.651900132497152,-14.082077725728354,-8.988541380564373,-8.638924972216289,3.5453884601593018
11.814030329386394,-13.940517807006835,-9.714600149790446,-7.637383874257406,3.4114661812782288
11.135150273640951,-14.092113494873047,-9.709259605407714,-7.816615502039591,3.433761576811472
8.66262149810791,-14.052813021341958,-9.209184583028158,-8.248696072896323,3.40506770213445
10.713894526163738,-14.240670776367187,-9.90499823888143,-7.979082266489664,3.6434096892674765
10.829132080078125,-14.09538771311442,-9.670906448364258,-7.7466957410176605,3.322214623292287
13.447831471761067,-14.156349817911785,-10.647681585947673,-7.062717739741007,3.5540492832660675
9.708234786987305,-14.241703987121582,-8.813828595479329,-8.86579122543335,3.437915911277135
13.33551565806071,-14.06437842051188,-10.832422828674316,-6.659460872411728,3.4275052547454834
10.363883336385092,-14.213642501831053,-8.825158627827962,-8.949694697062174,3.5612109899520874
9.362473805745442,-14.334530067443847,-9.563962316513061,-8.183976952234904,3.4134091834227247
11.022955576578777,-14.486027145385744,-9.690551439921062,-8.35851993560791,3.5630442798137665
10.768030802408855,-14.447571245829266,-8.616251977284747,-9.467877689997355,3.636558562517166
9.73254648844401,-14.052488072713214,-9.059381898244222,-8.507399527231852,3.51429346203804
10.953660011291504,-14.412298329671223,-9.55932257970174,-8.336494414011637,3.483518600463867
10.323150634765625,-14.516131846110028,-9.843293317159016,-8.261233043670654,3.5883943935235343
11.125725110371908,-14.423042297363281,-9.046795654296874,-8.934923553466795,3.5586768984794617
7.936071077982586,-14.296256319681806,-8.44682972431183,-9.419842306772868,3.5704158445199328
11.979628562927246,-14.23484427134196,-9.355144627888999,-8.357459688186646,3.477760235468547
12.16939926147461,-14.845015017191571,-9.286272017161052,-9.250934473673501,3.692191481590271
7.930158615112305,-14.289693387349445,-8.261636749903362,-9.516952991485596,3.488896409670512
11.100822766621908,-14.656976699829102,-8.825548013051352,-9.472635889053345,3.641207069158554
9.128051916758219,-14.46020991007487,-7.855567200978597,-10.289109162489574,3.6844660838445025
13.508807182312012,-14.752714347839355,-9.421922969818116,-9.05035460392634,3.719563176234563
10.297698974609375,-14.326708475748696,-7.822575235366822,-10.001834487915039,3.4977013270060224
10.49166742960612,-14.705359013875324,-8.414205392201742,-10.025210666656495,3.734056959549586
11.103960990905762,-14.307149696350098,-7.834428215026856,-10.026035785675049,3.55331434806188
8.456313133239746,-14.619537798563641,-8.455756346384684,-9.76990467707316,3.6061230699221296
10.007431030273438,-14.53531182607015,-9.877444171905518,-8.301312907536825,3.6434453030427303
11.779650847117106,-14.627936299641927,-9.142051029205323,-9.163053115208944,3.677167922258377
9.181087811787922,-14.59866689046224,-8.972645219167074,-9.259332021077475,3.6333103974660235
10.25644063949585,-14.441905975341797,-8.898940531412759,-9.140839600563048,3.5978744228680934
13.429702440897625,-14.721992810567219,-9.302888488769531,-9.136940940221152,3.7178369859854374
11.519123395284018,-14.228800710042318,-8.517155202229818,-9.17762829462687,3.4659828046957655
8.82370662689209,-14.693438657124837,-8.022979561487833,-10.33932329217593,3.668863932291667
9.269684473673504,-14.650882784525555,-8.689818382263184,-9.649833901723225,3.6887696385383606
11.954863548278809,-14.581002298990885,-8.301718330383302,-9.917892360687256,3.63860821723938
8.678088665008545,-14.736326726277667,-8.801351165771484,-9.608800951639811,3.6738253831863403
8.121338844299316,-14.674496587117513,-7.752230644226074,-10.646700318654377,3.7244344651699066
9.051675637563068,-14.604776000976564,-8.300682576497397,-9.971989472707113,3.6678959727287292
10.093602498372395,-14.90002415974935,-9.09879461924235,-9.51195141474406,3.710721651713053
10.860239823659262,-14.8274533589681,-7.963174311319987,-10.567963780959447,3.7036847869555154
9.688040097554524,-14.668410301208496,-7.949783658981325,-10.436720371246338,3.7180935343106585
9.657044410705566,-14.786382865905761,-8.438321495056153,-10.01182969411214,3.6637684504191075
8.25685167312622,-14.707777849833171,-8.207202418645224,-10.211737791697184,3.7111624479293823
10.219999949137371,-15.096205647786459,-8.089889033635458,-10.86675821940104,3.8604415357112885
9.514185905456543,-14.3589049021403,-6.829845968882243,-11.221892579396565,3.69283331433932
8.105397860209148,-15.05405953725179,-7.6366007486979175,-11.242139434814455,3.82468060652415
11.152540842692058,-15.17757307688395,-8.130472509066264,-10.894636885325113,3.8475361565748853
10.028740247090656,-14.567919476826987,-6.975969902674358,-11.349630006154378,3.757680108149846
10.037444432576498,-14.898162523905436,-8.560168043772379,-10.1180118560791,3.7800172567367554
5.583649953206381,-14.81204528808594,-7.707195313771566,-10.881634362538657,3.7767845789591474
8.354524294535318,-15.051491864522298,-8.995670382181803,-9.788299973805746,3.7324786881605787
7.624526023864746,-14.707107098897296,-7.048146565755209,-11.444285837809245,3.7853251596291857
10.252805709838867,-15.024935086568199,-8.08747320175171,-10.785161622365315,3.8476995031038914
9.197382926940918,-15.006769243876139,-7.058645927906037,-11.835254383087157,3.8871309757232666
5.757454474767049,-15.2727019627889,-7.153950333595276,-11.913669554392499,3.794917831818263
8.473846912384033,-14.70277868906657,-7.439229170481363,-11.0875919342041,3.8240426778793335
9.986763000488281,-15.097446886698405,-7.958704121907552,-10.872247091929118,3.7335041860739393
7.2796047528584795,-15.018552525838217,-7.348647705713908,-11.57934783299764,3.9094432393709813
9.185112635294596,-15.083331871032716,-7.552582804361979,-11.419101270039876,3.888352344433466
9.47744337717692,-15.044583384195963,-7.488590367635091,-11.48839537302653,3.932402352492015
6.878931363423666,-15.092261377970377,-6.9907217184702555,-11.917474714914956,3.815935244162877
10.762273470560709,-15.489274152119954,-8.739752809206644,-10.832495347658794,4.082974096139272
7.919040838877359,-15.242516581217448,-6.872500451405843,-12.209435176849365,3.8394194046656294
10.853493213653564,-15.387815602620442,-7.170374361673991,-12.213324165344236,3.9958831071853638
8.87113332748413,-15.261394691467288,-7.585116036732991,-11.5965008576711,3.920222381750743
6.06016206741333,-15.386342684427898,-6.431077909469605,-12.93578052520752,3.9805153807004294
7.579069137573242,-15.375191688537598,-8.123128509521484,-11.085697619120278,3.8336347341537476
8.774191538492838,-15.071701812744138,-7.436848560969035,-11.590829022725424,3.9559758702913923
8.433193524678549,-15.154263242085774,-7.500121768315633,-11.632740211486816,3.978598554929097
7.551257292429607,-15.30728136698405,-6.376509888966878,-12.820320479075114,3.889549632867178
8.185244242350262,-15.276677068074545,-6.738093606630961,-12.46548662185669,3.926902959744136
10.98435926437378,-15.361133003234862,-7.211522102355957,-12.114695723851522,3.9650848905245457
7.924837907155355,-15.292936070760092,-6.069311428070068,-13.209426816304525,3.985802173614502
6.704775810241699,-15.309592882792156,-5.3364450057347605,-13.897740999857582,3.9245931704839068
13.08600648244222,-15.554204495747882,-7.256562956174215,-12.383212184906006,4.085570772488912
5.430600166320801,-15.11762104034424,-4.353539872169495,-14.60966453552246,3.8455832799275713
6.551570653915405,-15.74583009084066,-6.941745106379191,-13.01035213470459,4.206267297267914
8.374343554178875,-15.297576713562012,-6.387160650889079,-12.773523394266764,3.8631072640419006
7.897059281667074,-15.283384195963542,-6.359068059921265,-12.981870079040526,4.057553758223851
7.114728291829427,-15.184420394897462,-6.909982522328695,-12.183890501658123,3.9094529648621874
8.837015469868978,-15.511280059814453,-7.099175516764323,-12.40517756144206,3.9930732150872554
6.230462869008383,-15.47996457417806,-6.242465686798096,-13.258890342712402,4.021391411622366
8.844903628031412,-15.31970189412435,-5.983953189849854,-13.360479227701823,4.024730255206427
8.157928148905436,-15.448274930318195,-5.711316935221354,-13.820535151163739,4.083577662706375
8.25869115193685,-15.504931322733562,-6.315734752019246,-13.210937150319417,4.02174057563146
9.116340637207031,-15.513807868957521,-6.232142353057861,-13.244941965738931,3.9632763862609863
7.335092941919962,-15.573819478352863,-5.839199524124464,-13.958759784698486,4.224140018224716
6.151125907897949,-15.307670720418294,-6.486962922414143,-12.708208338419599,3.8875000973542533
7.725200017293294,-16.07672856648763,-6.940222112337748,-13.384531784057618,4.248025298118591
7.963773091634115,-15.553808403015136,-6.919770121574402,-12.82574831644694,4.19171001513799
9.908170859018961,-15.742184257507324,-6.557657245794932,-13.355233414967856,4.1707063515981035
5.28879992167155,-15.392800903320314,-4.835755908489228,-14.535314051310223,3.978268961111704
6.294143994649251,-15.406334940592448,-7.152311627070109,-12.151798089345297,3.8977746566136675
9.752081553141277,-15.944942792256676,-8.098898220062257,-12.204470729827882,4.358425855636597
9.26935609181722,-15.643374760945637,-6.596076532204947,-13.134908231099448,4.087610026200613
8.579841136932373,-15.363101895650228,-5.653778076171875,-13.714340051015217,4.005016167958578
6.862717151641846,-15.60187136332194,-5.145976519584656,-14.43434009552002,3.978445192178091
6.935735543568929,-15.576774787902833,-5.146301585932573,-14.496244939168296,4.065771738688151
8.853122075398764,-15.918990898132323,-6.491218566894531,-13.677126439412435,4.249353865782419
6.292065382003784,-15.409664344787597,-5.580360709130764,-13.795355987548827,3.966052432854971
6.9872636795043945,-15.527340126037597,-5.942142375310262,-13.670865948994955,4.085668067137401
9.094310760498047,-15.617794863382976,-5.81652826666832,-13.93625119527181,4.134984652201335
7.4467304547627755,-15.789072100321452,-5.660212362806002,-14.272466055552165,4.14360656340917
7.839470545450846,-15.707417678833009,-5.421521202723185,-14.505676841735838,4.219780574242274
8.862574895222982,-15.61944580078125,-5.509957480430604,-14.187933826446534,4.078445494174957
8.189175923665365,-15.726882171630859,-4.980093616743882,-15.004481887817384,4.257693370183309
7.5330759684244795,-15.870932706197102,-5.231853087743124,-14.7742795308431,4.13520015279452
5.815190315246581,-15.889409065246582,-5.739638217290242,-14.293092155456543,4.143321603536606
7.028626759847005,-15.803652572631837,-5.905538511276244,-14.080663045247396,4.182548711697261
8.314651648203533,-15.715481185913085,-6.921304754416148,-12.930829207102459,4.136652648448944
4.963907241821289,-15.558836301167805,-5.437490081787109,-14.135875574747722,4.014528870582581
7.633602937062582,-16.105741119384767,-6.357267347971598,-13.998576259613039,4.250102559725444
6.717848300933838,-16.067278226216633,-5.952581230799357,-14.445295206705728,4.33059803644816
7.418389956156414,-16.042959276835123,-5.683700255552928,-14.711571947733564,4.352313081423442
5.8424616654713954,-15.701875050862629,-4.772061932086945,-15.083428557713827,4.153615415096283
6.685128529866536,-16.110337766011554,-6.591670068105062,-13.75966396331787,4.240995983282725
10.815592765808105,-16.292118962605795,-6.459940171241762,-14.336216259002686,4.50403736035029
6.063386599222818,-16.26253859202067,-5.095676588018735,-15.6896515528361,4.522789458433786
6.691106319427491,-16.069829177856445,-4.913054704666138,-15.393709309895833,4.236934453248978
7.613157272338867,-15.900583012898764,-5.359277073542277,-14.759657796223959,4.218351900577545
4.667818228403727,-15.995037778218588,-5.120956444740295,-15.15049934387207,4.276418050130208
7.1902720133463545,-15.98347822825114,-4.903062224388123,-15.39188419977824,4.3114680250485735
6.406570116678874,-16.07344150543213,-4.98679237763087,-15.35533644358317,4.268687715133031
4.741985479990642,-16.32784824371338,-5.273632742961248,-15.38597583770752,4.331760287284851
6.509841759999594,-15.860540644327799,-5.464659254749616,-14.753185335795086,4.3573039174079895
8.081289609273275,-16.14847221374512,-4.98494389851888,-15.523614692687989,4.3600863715012865
7.514044602711996,-16.07864163716634,-4.040961917241415,-16.29123357137044,4.2535540163517
5.298096338907877,-16.193912569681803,-4.093206318219503,-16.500036875406902,4.399330675601959
5.513016064961751,-16.134242248535156,-4.401487964888413,-15.985825411478679,4.253071169058481
3.8813285032908125,-16.167036437988283,-5.630734268824259,-14.899828402201333,4.363526324431101
3.956076145172119,-15.899154853820798,-6.365558989842733,-13.81748285293579,4.2838868498802185
5.582228342692058,-16.198359235127764,-6.327281681696573,-14.314864730834962,4.443787018458048
8.384704351425171,-16.240905698140462,-6.835764487584432,-13.83378044764201,4.428639213244121
6.781408468882243,-15.89265931447347,-4.707243525981903,-15.441856511433919,4.256440699100494
6.011731306711832,-16.28948211669922,-4.399272131919861,-16.221003786722818,4.330793599287669
6.197006384531656,-16.116796684265136,-4.876580075422923,-15.570826148986818,4.330609460671743
9.570299625396729,-16.26063346862793,-5.204694360494614,-15.563454786936443,4.507515827814738
3.4653962453206377,-16.455593554178872,-4.077076999346415,-16.68640556335449,4.307888905207316
5.367361704508464,-16.351975377400716,-4.8297003666559855,-15.870689900716144,4.348414917786917
5.325093666712443,-16.175040372212727,-4.490282078584035,-16.039503479003905,4.354745169480642
8.019994735717773,-16.152506573994952,-4.650516549746196,-15.95753968556722,4.455549776554108
6.965314070383707,-16.31231950124105,-4.887672356764476,-15.7431214650472,4.318474491437276
4.3664835294087725,-16.05966828664144,-4.570844125747681,-15.791679382324219,4.302854895591736
7.403623104095459,-16.010188802083334,-4.541532947619756,-15.749438730875653,4.2807831565539045
3.914951165517171,-16.292388598124187,-3.7113025426864623,-16.981967735290528,4.400881300369898
7.370496114095051,-16.19472401936849,-4.598251660664877,-15.902357419331869,4.305885444084804
6.262694517771402,-16.37293605804443,-4.376254133383433,-16.43614807128906,4.4394663373629255
3.875336805979411,-16.6174191792806,-4.772827557722727,-16.296766344706214,4.45217470328013
7.544816652933756,-16.750248527526857,-4.5595472157001495,-16.90533765157064,4.714636395374933
2.0313258469104767,-16.289520581563316,-3.9426966150601706,-16.80845203399658,4.461628278096517
7.047067642211914,-16.261616071065266,-4.591891513268153,-15.94865016937256,4.278925597667694
4.467353343963623,-16.41220328013102,-4.624908729394277,-16.283134269714356,4.495839635531108
3.865676720937093,-16.206012535095216,-4.890787545839945,-15.794044367472331,4.478819310665131
8.122176011403402,-16.25202020009359,-5.121361887454987,-15.589625740051272,4.458967228730519
4.501064777374268,-16.16497344970703,-4.180348205566406,-16.283908271789553,4.299283196528752
5.6837589740753165,-16.671237436930337,-4.938792657852172,-16.212146250406903,4.479701618353526
4.752836068471273,-16.07207768758138,-4.567794847488403,-16.016123835245768,4.5118408203125
7.535445213317871,-16.295045534769695,-4.428932746251424,-16.22726256052653,4.361149907112122
6.554653167724609,-16.528561464945472,-3.7479259411493935,-17.252527936299643,4.471892436345418
5.185187625388304,-16.331333414713544,-3.1316602627436323,-17.71592362721761,4.516250530878702
7.927839914957682,-16.712463188171387,-4.466288170218468,-16.70980027516683,4.463625282049179
6.371472040812174,-16.412467384338377,-3.240558032194773,-17.663667551676433,4.491758346557617
6.8841499487558995,-16.383466657002767,-3.3047243475914003,-17.52706314722697,4.4483208656311035
4.86798620223999,-16.566349347432457,-3.0671192208925886,-18.007110850016275,4.507880926132202
5.167764981587728,-16.45532855987549,-4.633100096384684,-16.378921953837075,4.556693693002066
6.853172779083252,-16.320942433675132,-3.6476188475886984,-17.13922341664632,4.465900003910065
6.958666801452637,-16.67166385650635,-3.4323553800582887,-17.82691230773926,4.5876039663950605
4.483309825261434,-16.425765673319496,-3.141574173172315,-17.781627082824706,4.4974357684453325
4.363198757171631,-16.19140663146973,-3.2512639641761782,-17.451613871256512,4.511471003293991
1.8643602232138317,-16.421633593241374,-4.040049751599629,-16.646833419799805,4.265249451001485
3.5974086125691738,-16.49379367828369,-4.94054704507192,-16.0668696085612,4.513622919718424
7.430564244588217,-16.343354797363283,-5.090843971570333,-15.862961896260579,4.610451112190883
6.732722759246826,-16.27541904449463,-3.4414728919665016,-17.16037457784017,4.326428254445394
3.986714680989584,-16.254684066772462,-3.3272897005081177,-17.366340065002444,4.438945949077606
4.9168169895807905,-16.272969563802082,-3.365888253847758,-17.344856834411623,4.4377753635247545
5.142617543538411,-16.37257563273112,-3.404415621360143,-17.41524976094564,4.447089592615764
5.683466037114461,-16.50933526357015,-3.1954931914806366,-17.777768389383954,4.463926573594411
4.029115994771321,-16.535163434346515,-2.9123356878757476,-18.180020650227863,4.5571929812431335
5.65497080485026,-16.456928316752116,-3.3697812904914217,-17.586505635579424,4.499358495076497
4.783557573954265,-16.473885345458985,-3.280690231422583,-17.723455047607423,4.530259867509207
4.3189490636189785,-16.08227202097575,-3.4959622025489807,-17.01106402079264,4.4247539440790815
5.017982800801596,-16.5158634185791,-3.6598101218541466,-17.32180512746175,4.465751647949219
4.870884736378988,-16.01562442779541,-3.135541268189748,-17.313084793090823,4.4330015778541565
4.633029778798422,-16.319166056315105,-3.6318983932336173,-17.15107510884603,4.463807622591655
2.0639357964197798,-16.647620646158856,-3.90405016541481,-17.127285448710122,4.383715212345123
5.334198951721191,-16.441398048400877,-4.5370090405146275,-16.585703659057618,4.681314547856649
4.9404613971710205,-16.824624379475914,-4.488504509131114,-16.966098149617512,4.629978517691295
3.7433022658030195,-16.125466855367023,-4.017925012111664,-16.430298296610516,4.3227565089861555
5.914901177088419,-16.308845837910972,-4.33303077618281,-16.591514015197756,4.615698754787445
5.791947841644287,-16.626166407267256,-2.752193490664164,-18.387885411580402,4.5139124890168505
3.780341466267904,-16.514678192138675,-2.279658361275991,-18.719725735982255,4.484706004460652
3.8420908451080322,-16.342067591349284,-2.512640422085921,-18.263974952697755,4.4345480004946385
6.094648361206055,-16.393464533487958,-3.552005672454834,-17.472670936584475,4.631211519241333
7.347295920054117,-16.733525021870932,-3.6809790968894958,-17.64252824783325,4.589982291062673
4.579307238260905,-16.430510584513346,-2.059593091408412,-18.885113461812338,4.51419613758723
4.646833260854085,-16.594201278686523,-2.1265791023770966,-19.119901402791342,4.652278582255045
2.596433291832606,-16.594440205891928,-2.9530880068739256,-18.131710815429688,4.490358571211496
3.191404660542806,-16.671491559346517,-3.9438226302464807,-17.163817151387533,4.436148226261139
3.998410065968831,-16.501132074991865,-3.5848541935284937,-17.603892771402997,4.687614927689235
4.958153565724691,-16.40642236073812,-3.8423886199792223,-16.978643798828124,4.414609988530477
4.804189523061117,-16.868712615966796,-3.9555100599924726,-17.691355832417806,4.77815314133962
4.783130009969076,-16.97760232289632,-2.7140678286552427,-18.945594914754228,4.682060599327087
3.243006706237793,-16.58634662628174,-2.832115224997203,-18.291990470886233,4.537759443124135
3.8052097956339512,-16.54531962076823,-2.873167151212692,-18.379579925537108,4.707427501678467
2.979872703552246,-16.74217478434245,-2.7933371076981226,-18.535375086466473,4.586536904176076
7.794317404429118,-16.532585461934406,-3.2931749184926353,-17.793660354614257,4.554249962170919
2.674977660179138,-16.98811410268148,-2.5728030780951183,-19.087834358215332,4.672523021697998
2.9255034923553467,-16.437207667032876,-3.3045702675978346,-17.54702974955241,4.4143926699956255
3.60417119661967,-16.69621982574463,-3.1782310962677003,-18.125529225667318,4.607540746529897
5.461970170338948,-16.370382181803386,-2.975167915225029,-18.158239364624027,4.7630251844724025
0.5067606990536054,-16.56671390533447,-3.4606948981682457,-17.576338068644205,4.470319310824077
5.634775320688884,-16.804726727803548,-4.066795321305593,-17.500889778137207,4.7629580895106
4.57100248336792,-16.98742027282715,-3.5429690798123676,-18.222070312499998,4.777619043986003
5.22151517868042,-16.972817230224607,-2.8558395783106487,-18.723173268636067,4.606195350488027
5.1126350959142055,-16.789006487528486,-2.6567817807197573,-18.839365196228027,4.707140723864238
2.097454602519671,-16.96774749755859,-2.2014145851135254,-19.582402928670245,4.816070377826691
3.2598442236582437,-16.811858622233075,-3.3495329240957896,-18.056326548258465,4.59400087594986
5.2363637288411455,-17.080883026123047,-3.5879892985026034,-18.25449409484863,4.7616003553072614
3.1053996086120605,-16.90087439219157,-2.956299102306366,-18.632250531514487,4.687675297260284
5.377189000447592,-16.673663838704428,-3.0432103753089903,-18.44932696024577,4.8188735246658325
4.415800889333089,-16.75472812652588,-2.4514395892620087,-18.884611892700196,4.581323186556498
3.274412949879964,-16.998022651672365,-3.022709206740062,-18.67390193939209,4.698588331540425
3.8445193767547607,-17.03237679799398,-3.232943820953369,-18.60952536265055,4.810092469056447
2.66240531206131,-16.725284004211424,-3.3389570415019993,-18.02134927113851,4.635022143522899
4.761231899261475,-17.499578221639,-4.242052006721496,-18.117814572652183,4.860288401444753
4.037845253944397,-17.10570952097575,-3.4046172554294265,-18.545075861612958,4.843983689943949
3.7507981459299726,-16.279717508951823,-2.397667497396469,-18.517617352803548,4.635567277669907
4.395132939020792,-16.909719530741377,-3.1314164231220882,-18.383731905619303,4.605428735415141
5.510831832885742,-17.216196568806968,-2.870550839106242,-19.101918919881186,4.756273349126181
5.842446486155192,-17.017355537414552,-1.929712776343028,-19.960252634684245,4.8726100126902265
2.317536105712255,-16.952281824747722,-2.09541167418162,-19.567853864034017,4.710983713467916
5.656036376953126,-17.24910780588786,-1.9917979155977568,-20.03075923919678,4.77344936132431
4.25749413172404,-16.465832455952963,-1.9745826005935667,-19.295443026224774,4.80419276158015
3.703121756513913,-17.05682462056478,-2.885654917359352,-19.02536417643229,4.854194402694702
4.227705160776774,-17.138032531738283,-2.33706663052241,-19.533388392130533,4.732422590255737
3.0767079989115396,-17.10913855234782,-2.62040673494339,-19.276786931355794,4.788054943084717
4.612091859181722,-17.052221298217773,-3.2641560792922975,-18.479668045043944,4.691602985064188
3.819371700286865,-17.033012262980144,-2.4862274527549744,-19.450913810729983,4.904129008452097
3.9843911329905195,-16.997848765055338,-2.494694612423579,-19.21621182759603,4.713058123985927
4.788860956827799,-17.45262622833252,-3.428194334109624,-18.952723757425943,4.92829175790151
4.192596276601156,-17.10502751668294,-1.8701678415139518,-20.13034788767497,4.895488242308299
5.112333138783773,-17.12413272857666,-2.4462310075759888,-19.48768316904704,4.80978125333786
1.2748130957285562,-16.796171951293946,-2.264369695385297,-19.38367849985758,4.851876457532247
4.411232034365336,-17.306441688537596,-3.1122764776150387,-18.99316800435384,4.79900340239207
4.423279762268066,-17.130645561218262,-2.999012437462807,-18.939680735270183,4.808047632376353
5.275139530499776,-17.081488227844236,-2.1790668567021685,-19.800070126851402,4.897648533185323
1.9896131753921509,-17.40821927388509,-3.2154019872347517,-19.012535285949706,4.819718102614085
5.004565080006918,-17.328948402404784,-3.08724365234375,-19.075591150919596,4.833886027336121
5.549354553222656,-17.23584721883138,-2.351794219017029,-19.916195551554363,5.032142738501231
4.822827100753784,-17.232777277628582,-1.4698382397492726,-20.640072123209634,4.877133011817932
0.4427339136600494,-17.15490328470866,-1.5490519046783446,-20.324932479858397,4.719080964724223
3.887082497278849,-16.82147884368896,-2.660663794477781,-19.09892018636068,4.938104619582495
4.995253245035808,-17.390866088867188,-2.625908943017324,-19.589435450236003,4.824478467305501
2.8388487497965498,-17.29598553975423,-2.377395397424698,-19.81757024129232,4.898980001608531
2.909133195877075,-17.459013811747234,-2.490184901158015,-19.888988622029622,4.920160114765167
3.6705187559127808,-17.155192629496256,-2.589355440934499,-19.623768043518066,5.057930568854014
5.502216815948486,-17.161664772033692,-2.6161349688967066,-19.311253293355307,4.765723367532095
1.0180355310440063,-17.186407470703127,-2.166255313158035,-19.87664597829183,4.856493731339772
2.219937702020009,-16.932981236775717,-2.941300921638807,-18.7849630355835,4.793282508850098
3.8958008289337154,-17.46344025929769,-3.6917225837707517,-18.66026490529378,4.888547241687775
3.819318056106568,-17.364044125874837,-3.1351813733577725,-19.27722613016764,5.048363447189331
2.2449456850687666,-17.19077650705973,-2.7181594967842106,-19.181503041585287,4.70888614654541
2.581634595990181,-17.267015393575033,-3.686322305599848,-18.5269505182902,4.946257432301839
4.885952154795329,-17.740475781758626,-4.444356405735016,-18.472257296244305,5.176138242085774
3.462704916795095,-17.431595738728838,-2.790999239683151,-19.597226905822755,4.9566299716631566
4.5309206644694004,-17.226556205749514,-2.463756088415782,-19.715682601928712,4.952882905801137
1.8316226402918496,-16.941968536376955,-2.190553271770477,-19.567558034261072,4.816143055756887
5.96512508392334,-17.456998761494955,-3.178485051790873,-19.19116325378418,4.9126496116320295
3.2476516167322798,-17.283662668863933,-2.4060834328333534,-19.789367612202962,4.911788503328959
1.1720748245716095,-17.297905476888022,-2.49588125894467,-19.76171607971191,4.959691762924194
3.814367771148681,-17.353683280944825,-3.0668029069900515,-19.179854329427084,4.892974038918813
4.504035512606303,-17.05162658691406,-2.308247255285581,-19.71846580505371,4.975086569786072
4.913299798965454,-17.16168785095215,-1.9552980765700338,-20.01954606374105,4.813156386216481
3.773829062779744,-17.423902384440105,-1.501992905139923,-20.96961466471354,5.047705541054408
1.1015510161717734,-17.84842847188314,-2.569351563354333,-20.209127044677732,4.930050432682037
4.661609411239624,-17.17918701171875,-2.3904514213403063,-19.754881032307942,4.966145475705464
3.7442595163981123,-17.89790636698405,-2.342369819184144,-20.610643704732258,5.055107394854227
3.196672836939494,-17.469559224446616,-2.1863884647687275,-20.359945297241214,5.076774259408315
5.68365216255188,-17.3968656539917,-2.0161826451619467,-20.486561838785807,5.105879028638204
3.8538779218991595,-17.61783046722412,-1.382066692908605,-21.213359578450522,4.977595905462901
3.6148612896601358,-17.514117495218912,-1.5327738573153815,-20.8812079111735,4.899864494800568
3.286467353502909,-17.63189188639323,-1.6485241055488586,-21.245979054768878,5.262610971927643
3.5801846981048584,-17.287013053894043,-1.8689912527799604,-20.240741030375162,4.822719136873881
3.086756706237793,-17.40498924255371,-2.1137358223398524,-20.411137262980144,5.119883735974629
3.8939859072367353,-17.679730224609376,-1.9704326927661895,-20.74140192667643,5.03210445245107
3.1014259656270347,-17.40381997426351,-2.003399650255839,-20.268305142720543,4.867884516716003
4.32184378306071,-17.637297693888346,-1.8580959131320318,-20.863454310099286,5.084252258141835
4.617057243982951,-17.55084171295166,-1.6917319953441619,-20.981458155314126,5.122348407904307
2.0830525557200112,-17.822690709431967,-2.3744882941246037,-20.504337056477866,5.056134402751923
4.044045110543569,-17.541180165608722,-2.842612624168396,-19.654177792867024,4.955610275268555
0.8941745857397715,-17.55564448038737,-2.5387420396010083,-20.015702438354495,4.998800098896027
5.988410631815593,-17.439586957295734,-2.763829962412516,-19.716150029500326,5.040393133958181
3.243634343147278,-17.60447629292806,-1.9967132210731506,-20.782132148742676,5.174369215965271
5.474816799163818,-17.97738068898519,-2.4953607241312663,-20.67692076365153,5.194900731245677
3.2685347894827523,-17.787895520528156,-1.204830861588319,-21.74075107574463,5.157686412334442
0.7034406463305156,-17.663389460245767,-1.326679641008377,-21.44823404947917,5.111524363358816
4.377567529678345,-17.888851801554363,-3.0136583810051283,-19.919350560506185,5.0441572070121765
1.8004446725050607,-18.055400085449218,-2.5942219545443854,-20.830378595987955,5.3692004680633545
3.3521540959676104,-17.377533531188966,-2.78779923915863,-19.614462089538574,5.024727423985799
4.496049523353577,-17.718808937072755,-2.7642028947671258,-20.151728947957356,5.197122852007547
2.850164930025737,-17.742482948303223,-2.7407566706339517,-20.087954584757487,5.08622815211614
2.4278303533792496,-18.219878959655762,-2.4714030186335245,-20.94950701395671,5.201030770937602
4.0069966316223145,-17.613074111938477,-2.208221512039503,-20.549534289042157,5.144681692123413
3.732946395874023,-18.1213410059611,-2.482987598578135,-20.8757755279541,5.237422347068787
3.9303254286448164,-17.801513353983562,-2.0136318067709604,-21.00687198638916,5.2189900279045105
3.5631825228532152,-17.748952039082845,-1.8025509893894196,-21.058723068237306,5.1123217940330505
0.9032657345136006,-17.355896759033204,-1.9088200489679974,-20.436333974202473,4.989257236321768
3.271944522857666,-17.955451583862303,-2.585967032114665,-20.328763326009117,4.9592787226041155
2.1842308044433594,-18.011401685078937,-3.159453243017197,-20.111700312296552,5.25975122054418
5.145293553670247,-17.419404983520508,-2.4482827921708425,-20.17953796386719,5.208416203657786
4.236663420995077,-18.011176872253415,-1.9147564768791199,-21.2995631535848,5.203142325083415
4.424502948919932,-17.691859626770018,-1.5275435854991277,-21.34865557352702,5.184339662392935
2.492834170659383,-17.84868952433268,-1.9370017210642496,-20.886689758300783,4.975001871585846
3.4799073934555054,-18.10562178293864,-1.5689082940419516,-21.883898162841795,5.347184757391612
3.268821616967519,-17.651685651143392,-1.862291941046715,-20.830793444315592,5.041399776935577
3.4408209323883057,-17.798005294799804,-2.3105708897113804,-20.667936706542967,5.180502275625865
3.677785317103068,-17.48955561319987,-1.7932126979033154,-20.70554688771566,5.009204049905141
2.112554907798767,-17.734111404418943,-1.236043205857277,-21.629483795166017,5.131415466467539
4.873106638590495,-18.047050348917644,-2.1682077785333,-21.09859326680501,5.219750801722209
2.2899906237920127,-17.759433428446453,-1.2717375665903092,-21.57275524139404,5.085059662659963
2.7824534575144453,-17.90047264099121,-2.1986901919047037,-20.93403015136719,5.232247491677602
2.9856508572896323,-17.76444797515869,-2.6486578822135924,-20.274226570129397,5.158436119556427
0.833050308128198,-18.017815907796223,-2.727763344844182,-20.470256805419922,5.180204252401988
5.101870536804199,-17.535768127441408,-2.5519929692149166,-20.125366083780925,5.141591032346089
2.408544023831685,-18.062259292602537,-2.219234929482142,-21.06817881266276,5.225154459476471
4.174671490987142,-18.158471043904623,-2.211441397666931,-21.174813969930014,5.227784434954325
1.7307837804158528,-17.676114527384442,-2.420032383998235,-20.31242510477702,5.056342601776123
3.783454259236654,-18.302701059977213,-2.9528318762779238,-20.804001490275063,5.454132477442424
2.3540508349736533,-17.731617736816407,-1.878961737950643,-20.899903233846025,5.0472473700841265
1.548551917076111,-17.991478474934897,-3.2145757873853045,-19.937748845418295,5.160846094290416
5.9032440185546875,-18.210857073465984,-3.886914285024008,-19.92541414896647,5.601471384366353
4.233434200286865,-18.012949816385905,-2.168307162324587,-21.010963757832847,5.16632084051768
1.1424158016840615,-18.05123469034831,-1.6129976987838743,-21.73235321044922,5.294116457303365
2.557911435763041,-17.7352294921875,-2.1955710192521414,-20.72476654052734,5.185108244419098
4.763235727945964,-18.13520800272624,-2.744415321946144,-20.82115592956543,5.430363088846207
3.942525466283162,-17.734826024373373,-1.1994589666525524,-21.743344497680667,5.207977533340454
3.662664999564489,-17.869054539998373,-1.6589835782845814,-21.48215217590332,5.272080938021342
3.227579792340596,-17.912694168090823,-1.2471995219588279,-21.958550771077473,5.293056011199951
3.132763385772705,-17.87324784596761,-1.3892798662185668,-21.65863119761149,5.174663225809733
1.406294345855713,-18.037991841634113,-1.6800855825344723,-21.705807813008626,5.347901463508606
4.2614742914835615,-18.071979077657062,-2.500279692808787,-20.82197380065918,5.250274240970612
4.1195738315582275,-18.032731119791666,-2.2020791058739024,-21.169219525655112,5.3385675350824995
0.4506696065266927,-18.24857997894287,-1.6758213520050047,-21.822658538818363,5.249899884064993
4.859735727310181,-17.86112689971924,-1.91340527733167,-21.1641414642334,5.216419796148936
3.5264650185902915,-17.658330790201823,-1.3794154047966003,-21.360443687438966,5.081528147061666
2.3734966615835824,-18.233572069803873,-1.3393226961294808,-22.31302324930827,5.418773849805196
3.7648006280263266,-17.511783599853512,-1.526015363136927,-20.99865837097168,5.012890358765921
1.4322925011316934,-17.96761728922526,-1.2914449195067088,-21.81819896697998,5.142026523749034
3.9472071727116904,-18.074419911702474,-2.294254924853642,-21.192762374877926,5.412597755591075
4.8888860543568935,-18.25380935668945,-2.4382866283257805,-21.17982743581136,5.364304741223653
1.8678830216328304,-17.995593770345053,-0.7191849191983541,-22.54419937133789,5.267790794372559
1.8185710906982422,-18.2129004796346,-1.4247391492128372,-22.08897527058919,5.300814151763916
2.7560066382090254,-18.04440180460612,-2.189008891582489,-21.18776346842448,5.332370758056641
4.58042049407959,-17.681781578063966,-1.3666817069053647,-21.629191970825197,5.314092258612315
0.6414241741100948,-18.449850463867186,-1.6666699310143789,-22.05967508951823,5.276494413614273
2.968752066294352,-18.292157554626463,-2.5447264393170674,-21.169630559285483,5.422199348608653
4.05328631401062,-18.385703150431315,-2.4565804084142053,-21.358963648478188,5.429841101169586
3.1731511751810713,-18.289677937825523,-1.7726612726847328,-21.987825393676758,5.470808486143748
1.6793654759724936,-18.01805871327718,-1.2865934665004413,-22.12984390258789,5.3983787298202515
3.4704564412434893,-18.192372512817382,-1.6377029423912366,-21.842951583862302,5.288281818230947
1.2548368771870932,-17.994725545247395,-1.7485702792803446,-21.749662653605142,5.503507276376089
3.4614659945170088,-18.74142379760742,-2.758232394854228,-21.247268549601237,5.264077544212341
4.512435595194499,-18.502517573038737,-2.749672103921572,-21.414684549967447,5.661839246749878
3.3727992375691733,-18.355918629964194,-1.200729521860679,-22.589018630981442,5.433829168478647
0.12376033763090773,-18.102753766377766,-1.0388375918070474,-22.359186299641927,5.295270343621572
5.032626787821451,-18.1121950785319,-1.7448531160751979,-21.846987024943033,5.479645232359569
1.0386354128519695,-18.39984842936198,-1.7955603599548338,-21.870262781778973,5.265974998474121
3.436474084854126,-18.318228848775227,-2.57397803068161,-21.213311767578123,5.469061195850372
3.0641607443491616,-18.040290451049806,-2.4474544088045755,-20.986174647013346,5.393338600794474
4.056134541829428,-18.268431599934896,-1.945567222436269,-21.561770248413087,5.238905727863312
2.3237478733062744,-17.739463043212893,-1.1382973710695903,-21.954018592834473,5.352853079636891
2.9294595619042716,-18.40111700693766,-1.2230442663033803,-22.56116377512614,5.383091072241465
1.266516367594401,-18.201340357462566,-1.8114418983459473,-21.745168940226236,5.355270743370056
2.3248797009388604,-18.78592522939046,-1.9334636201461153,-22.36367696126302,5.511215428511301
1.8368968168894448,-18.079578844706216,-1.8478773017724355,-21.737618509928385,5.505916794141134
3.642472783724467,-18.234174219767254,-2.251524478197098,-21.51533851623535,5.5326884388923645
1.9646439055601757,-18.30053367614746,-2.2018343354264895,-21.32231814066569,5.223618487517039
1.797681411107381,-18.157261657714844,-2.0541890720526377,-21.53676071166992,5.4336882432301845
2.1696026014784975,-18.47395242055257,-2.52810388704141,-21.367874018351237,5.422025660673777
3.6217322349548335,-18.19504508972168,-2.5962374369303385,-21.054758008321127,5.455950498580933
1.9304607907931008,-18.22061405181885,-1.609953252474467,-21.99278119405111,5.3821207483609514
4.528667926788331,-17.861221249898275,-1.4680393854777016,-21.759637896219886,5.366456190745036
2.025516708691915,-18.316515731811524,-1.4363856670757134,-22.14935874938965,5.269228637218475
4.331617593765259,-18.434474690755206,-1.3377525056401889,-22.62697696685791,5.530254761377971
2.453262368837992,-18.68530508677165,-0.3091206672290962,-23.848194440205894,5.472010254859924
3.228653997182846,-18.114807891845704,-0.8702240506807963,-22.810627746582032,5.5660438140233355
2.4742446343104043,-18.017992719014487,-1.188229461510976,-22.07931900024414,5.249555746714274
3.8460044463475542,-17.999819691975915,-1.3208351920048393,-21.858430480957033,5.179445783297221
1.677654465039571,-18.573659960428873,-1.3973812421162923,-22.730781428019206,5.554502844810486
3.59407619635264,-18.305744870503744,-1.2907215952873232,-22.53857968648275,5.5235565304756165
2.4501920143763227,-18.433553568522136,-1.7459048668543498,-22.243810590108232,5.556161840756734
4.572616736094157,-18.476477305094402,-0.6514868368705113,-23.34101651509603,5.516025880972544
